"id";"firstname";"lastname";"email";"phone";"salary"
1;"Deborah";"Witting";"Deborah93@hotmail.com";"+1 (226) 116-5253";77396.15
2;"Marion";"Quitzon";"Marion.Quitzon@yahoo.com";"+1 (388) 368-2249";195761.75
3;"Blake";"Moen";"Blake1@yahoo.com";"+1 (978) 031-3192";180394.23
4;"Forrest";"Lesch-Schiller";"Forrest69@yahoo.com";"+1 (174) 005-4620";71708.07
5;"Sadie";"Dach";"Sadie_Dach50@yahoo.com";"+1 (486) 440-2800";162945.73
6;"Pearl";"Balistreri";"Pearl19@yahoo.com";"+1 (825) 908-0481";150474.52
7;"Rhonda";"Kemmer";"Rhonda92@yahoo.com";"+1 (912) 560-0336";64438.71
8;"Horace";"Schulist";"Horace_Schulist@yahoo.com";"+1 (518) 799-7026";73383.75
9;"Darrin";"Price";"Darrin_Price32@hotmail.com";"+1 (933) 028-5138";64132.75
10;"Angelina";"Auer";"Angelina72@yahoo.com";"+1 (789) 686-8723";92050.13
11;"Diana";"Quitzon";"Diana86@gmail.com";"+1 (017) 587-5804";101911.40
12;"Damon";"Denesik";"Damon.Denesik@yahoo.com";"+1 (019) 657-4552";63751.06
13;"Lana";"Swaniawski";"Lana.Swaniawski44@gmail.com";"+1 (006) 454-5601";80275.28
14;"Wesley";"Reinger";"Wesley26@yahoo.com";"+1 (607) 067-2475";195308.72
15;"Mindy";"Haag";"Mindy20@hotmail.com";"+1 (618) 644-4818";162612.23
16;"Leah";"Flatley";"Leah19@yahoo.com";"+1 (129) 028-9048";119351.84
17;"Delia";"Renner";"Delia_Renner@gmail.com";"+1 (061) 363-9638";123322.41
18;"Eula";"Kshlerin";"Eula_Kshlerin@yahoo.com";"+1 (580) 678-1872";134103.38
19;"Sherry";"Koelpin";"Sherry_Koelpin@yahoo.com";"+1 (070) 969-2608";166669.74
20;"Tabitha";"Franey";"Tabitha_Franey38@yahoo.com";"+1 (753) 012-1913";51407.02
21;"Brandon";"Lubowitz";"Brandon.Lubowitz51@yahoo.com";"+1 (536) 907-1966";162924.14
22;"Ernest";"Schmitt";"Ernest1@yahoo.com";"+1 (869) 234-5463";180722.73
23;"Jenny";"Mitchell";"Jenny_Mitchell69@hotmail.com";"+1 (482) 053-4692";70151.68
24;"Mildred";"Moen";"Mildred.Moen65@yahoo.com";"+1 (579) 120-7914";132852.44
25;"Kate";"Abshire";"Kate46@hotmail.com";"+1 (318) 973-9476";188537.57
26;"Mamie";"Hahn";"Mamie72@gmail.com";"+1 (330) 829-3949";76706.13
27;"Tyler";"Satterfield";"Tyler72@yahoo.com";"+1 (583) 444-8036";89397.91
28;"Chester";"Witting";"Chester97@yahoo.com";"+1 (071) 235-1753";177906.08
29;"Jacquelyn";"Kovacek";"Jacquelyn77@hotmail.com";"+1 (792) 631-8422";148053.46
30;"Shannon";"Gislason";"Shannon30@hotmail.com";"+1 (220) 381-1315";104744.38
31;"Nathaniel";"Trantow";"Nathaniel51@yahoo.com";"+1 (967) 000-6638";185374.98
32;"Norma";"Skiles-Doyle";"Norma.Skiles-Doyle@hotmail.com";"+1 (844) 832-7185";197733.61
33;"Veronica";"Lindgren";"Veronica.Lindgren8@yahoo.com";"+1 (564) 895-6940";85299.17
34;"Vincent";"Quigley";"Vincent22@hotmail.com";"+1 (208) 296-8309";149341.92
35;"Janet";"Jacobs";"Janet_Jacobs@gmail.com";"+1 (223) 317-6550";154301.41
36;"Alberto";"Hickle";"Alberto_Hickle@yahoo.com";"+1 (759) 411-2342";188676.23
37;"Raul";"Borer";"Raul_Borer@gmail.com";"+1 (097) 298-3323";50230.84
38;"Nora";"Beatty";"Nora_Beatty@yahoo.com";"+1 (616) 265-0316";74446.33
39;"Rick";"Kassulke";"Rick.Kassulke@gmail.com";"+1 (429) 165-1461";177912.86
40;"Clifton";"DuBuque";"Clifton86@gmail.com";"+1 (246) 787-4092";99158.75
41;"Bradford";"Beer";"Bradford11@hotmail.com";"+1 (300) 233-3800";66187.82
42;"Jill";"O'Hara";"Jill41@gmail.com";"+1 (773) 492-5956";134584.82
43;"Allan";"Upton";"Allan39@hotmail.com";"+1 (929) 702-7905";103652.95
44;"Olga";"Corwin";"Olga_Corwin3@hotmail.com";"+1 (868) 916-1674";169456.94
45;"Angel";"Flatley";"Angel_Flatley@gmail.com";"+1 (870) 276-5428";86851.64
46;"Philip";"Christiansen";"Philip48@yahoo.com";"+1 (031) 543-0162";66122.15
47;"Derrick";"Steuber-Renner";"Derrick87@hotmail.com";"+1 (684) 069-5122";164410.83
48;"Marcella";"Goodwin-O'Reilly";"Marcella.Goodwin-OReilly28@yahoo.com";"+1 (841) 058-3360";193622.08
49;"Gene";"Paucek";"Gene64@gmail.com";"+1 (932) 768-5070";176197.40
50;"Kerry";"Franey";"Kerry.Franey8@hotmail.com";"+1 (379) 438-4690";95481.35
51;"Alma";"Rodriguez";"Alma.Rodriguez@gmail.com";"+1 (133) 444-7786";91483.37
52;"Lynne";"Jakubowski";"Lynne_Jakubowski55@hotmail.com";"+1 (347) 926-4447";65463.25
53;"Wesley";"Wiegand";"Wesley_Wiegand@yahoo.com";"+1 (875) 575-6527";100263.58
54;"Leonard";"Denesik";"Leonard_Denesik@hotmail.com";"+1 (211) 531-3844";143176.64
55;"Terrell";"Jast";"Terrell_Jast@yahoo.com";"+1 (084) 080-3071";70136.34
56;"Ethel";"Heller";"Ethel81@yahoo.com";"+1 (341) 205-2390";79889.51
57;"Jamie";"Grady";"Jamie.Grady@yahoo.com";"+1 (774) 994-6277";109517.18
58;"Shelly";"Bergnaum";"Shelly29@gmail.com";"+1 (896) 095-6072";191612.34
59;"Joy";"Reilly";"Joy_Reilly93@yahoo.com";"+1 (215) 203-4691";89558.50
60;"Josefina";"Bechtelar";"Josefina39@yahoo.com";"+1 (755) 096-4319";125309.43
61;"Olivia";"DuBuque";"Olivia62@yahoo.com";"+1 (091) 320-7620";195427.96
62;"Misty";"Douglas";"Misty47@hotmail.com";"+1 (849) 396-5655";115178.22
63;"Luke";"Stracke";"Luke_Stracke@gmail.com";"+1 (078) 071-2826";158687.15
64;"Alexis";"Mills";"Alexis.Mills@gmail.com";"+1 (639) 002-9426";130423.06
65;"Stacey";"Johnson";"Stacey_Johnson@yahoo.com";"+1 (990) 814-5391";100046.90
66;"Laverne";"Effertz";"Laverne.Effertz@gmail.com";"+1 (288) 808-0589";64828.59
67;"Gerard";"Bashirian";"Gerard.Bashirian81@yahoo.com";"+1 (186) 673-2093";139405.39
68;"Harriet";"Schuppe";"Harriet.Schuppe@gmail.com";"+1 (131) 672-5379";137952.84
69;"Grady";"Kihn";"Grady.Kihn@hotmail.com";"+1 (231) 058-9709";75448.13
70;"Richard";"Jakubowski";"Richard.Jakubowski@yahoo.com";"+1 (829) 351-5946";132180.38
71;"Robin";"Connelly";"Robin_Connelly@gmail.com";"+1 (187) 742-4738";145357.36
72;"Jason";"Ortiz";"Jason87@hotmail.com";"+1 (209) 392-4433";161941.77
73;"Nellie";"Gleason";"Nellie_Gleason62@yahoo.com";"+1 (585) 480-3383";62593.53
74;"Katrina";"Glover";"Katrina62@hotmail.com";"+1 (108) 263-1233";174828.53
75;"Kurt";"Walker";"Kurt13@gmail.com";"+1 (941) 068-9532";60212.57
76;"Danielle";"Kilback";"Danielle_Kilback@hotmail.com";"+1 (743) 099-3671";125550.28
77;"Jenny";"Kuhlman";"Jenny1@gmail.com";"+1 (947) 770-6938";58301.15
78;"Garry";"Muller";"Garry_Muller75@hotmail.com";"+1 (499) 688-2790";97375.76
79;"Debra";"Koelpin";"Debra.Koelpin@hotmail.com";"+1 (798) 674-0486";117110.89
80;"Henrietta";"Gislason";"Henrietta_Gislason83@hotmail.com";"+1 (304) 374-0744";139468.58
81;"Josefina";"Larson";"Josefina_Larson40@hotmail.com";"+1 (996) 542-3627";171378.56
82;"Forrest";"Klocko";"Forrest.Klocko85@hotmail.com";"+1 (374) 673-4955";193242.73
83;"Jeff";"Wolff";"Jeff21@gmail.com";"+1 (154) 141-5762";190618.15
84;"Megan";"Hand";"Megan37@hotmail.com";"+1 (101) 808-9624";112383.98
85;"Lynn";"Gislason";"Lynn.Gislason0@yahoo.com";"+1 (755) 414-0139";97942.30
86;"Tony";"Lindgren";"Tony_Lindgren@yahoo.com";"+1 (319) 457-0940";84577.07
87;"Grace";"Altenwerth";"Grace_Altenwerth@yahoo.com";"+1 (908) 455-2992";135918.89
88;"Sandy";"Schmitt";"Sandy.Schmitt11@yahoo.com";"+1 (892) 280-2569";185517.50
89;"Doris";"Feest";"Doris.Feest@hotmail.com";"+1 (259) 712-8409";155857.99
90;"Suzanne";"Treutel";"Suzanne_Treutel@yahoo.com";"+1 (278) 458-9313";148215.49
91;"Tonya";"Lemke";"Tonya60@hotmail.com";"+1 (395) 902-4336";197778.22
92;"Debra";"Zieme";"Debra86@yahoo.com";"+1 (737) 474-7366";193376.09
93;"Jake";"Mayer";"Jake_Mayer8@hotmail.com";"+1 (413) 059-0313";66156.89
94;"Verna";"Shields";"Verna_Shields36@hotmail.com";"+1 (975) 965-0026";181139.99
95;"Kristy";"Huels";"Kristy_Huels@yahoo.com";"+1 (442) 067-5844";107438.63
96;"Jaime";"Dickens";"Jaime.Dickens@gmail.com";"+1 (064) 339-8957";72120.77
97;"Cameron";"Lemke";"Cameron_Lemke80@hotmail.com";"+1 (490) 121-4492";99554.61
98;"Ray";"Weber";"Ray_Weber@hotmail.com";"+1 (557) 837-2794";116363.74
99;"Gretchen";"Macejkovic";"Gretchen.Macejkovic@hotmail.com";"+1 (685) 160-9757";141149.50
100;"Ramon";"Oberbrunner-Carroll";"Ramon_Oberbrunner-Carroll@gmail.com";"+1 (123) 102-9136";141563.52
101;"Jodi";"Weimann";"Jodi_Weimann@hotmail.com";"+1 (128) 038-5263";188454.82
102;"Lois";"Bailey";"Lois.Bailey@gmail.com";"+1 (684) 474-7175";134750.50
103;"Freddie";"Emmerich";"Freddie.Emmerich@yahoo.com";"+1 (782) 342-8348";69076.82
104;"Melody";"Block";"Melody_Block27@hotmail.com";"+1 (053) 182-5950";166928.56
105;"Miguel";"Schroeder";"Miguel_Schroeder23@hotmail.com";"+1 (585) 578-7140";124350.06
106;"Alex";"Fisher";"Alex_Fisher74@yahoo.com";"+1 (212) 089-0777";93718.92
107;"Melanie";"Turcotte";"Melanie76@gmail.com";"+1 (472) 978-5348";176979.78
108;"Joan";"Johns-Nienow";"Joan.Johns-Nienow48@hotmail.com";"+1 (674) 566-7213";107690.82
109;"Josefina";"Hilpert";"Josefina_Hilpert@gmail.com";"+1 (227) 943-4002";90700.33
110;"Alvin";"Brakus";"Alvin.Brakus49@gmail.com";"+1 (193) 084-6449";138533.86
111;"Aubrey";"Wisozk";"Aubrey.Wisozk83@gmail.com";"+1 (899) 548-7224";149475.88
112;"Brandi";"Wintheiser";"Brandi98@hotmail.com";"+1 (924) 540-8425";143541.16
113;"Sarah";"Walter";"Sarah.Walter91@hotmail.com";"+1 (260) 487-7835";159600.79
114;"Harry";"Macejkovic";"Harry80@gmail.com";"+1 (718) 329-6474";91819.44
115;"Juan";"Rohan";"Juan.Rohan@hotmail.com";"+1 (130) 501-8625";112926.43
116;"Dallas";"Pagac";"Dallas.Pagac28@hotmail.com";"+1 (543) 679-2380";176338.27
117;"Morris";"Deckow";"Morris_Deckow57@gmail.com";"+1 (922) 986-9938";115443.36
118;"Maureen";"Rau";"Maureen48@gmail.com";"+1 (867) 070-9371";164131.41
119;"Domingo";"Lemke";"Domingo9@yahoo.com";"+1 (926) 820-9223";156701.72
120;"Neil";"White";"Neil.White@hotmail.com";"+1 (141) 179-3848";139817.69
121;"Bonnie";"Deckow";"Bonnie.Deckow@gmail.com";"+1 (979) 661-7402";170580.73
122;"Carolyn";"Franey";"Carolyn.Franey@hotmail.com";"+1 (298) 557-9813";131646.19
123;"Carlos";"Borer";"Carlos_Borer@yahoo.com";"+1 (344) 893-9547";105806.73
124;"Leland";"Marquardt";"Leland_Marquardt29@hotmail.com";"+1 (383) 544-9610";105218.59
125;"Alicia";"Christiansen";"Alicia_Christiansen@gmail.com";"+1 (598) 547-0113";108834.03
126;"Noah";"Senger";"Noah_Senger@hotmail.com";"+1 (102) 425-9404";101608.94
127;"Marilyn";"Franecki";"Marilyn44@gmail.com";"+1 (273) 246-7580";66325.89
128;"Bertha";"Rogahn";"Bertha.Rogahn17@yahoo.com";"+1 (487) 034-1195";133844.16
129;"Mathew";"Howell";"Mathew_Howell75@hotmail.com";"+1 (244) 301-1843";112141.14
130;"Gretchen";"Durgan";"Gretchen_Durgan88@yahoo.com";"+1 (932) 008-2914";80428.64
131;"Mae";"Bosco";"Mae.Bosco@gmail.com";"+1 (912) 536-6716";53998.67
132;"June";"Gulgowski";"June27@yahoo.com";"+1 (923) 463-5542";96694.64
133;"Darren";"Cassin-Parisian";"Darren_Cassin-Parisian@hotmail.com";"+1 (505) 596-3427";109939.06
134;"Jim";"Murazik";"Jim.Murazik@hotmail.com";"+1 (741) 774-0263";158188.75
135;"Kristin";"Sporer";"Kristin.Sporer71@hotmail.com";"+1 (263) 196-7259";73901.67
136;"Vickie";"Wolf";"Vickie8@gmail.com";"+1 (321) 088-0107";147256.26
137;"Edward";"Barton";"Edward62@hotmail.com";"+1 (431) 662-4296";140810.23
138;"Alexandra";"Schroeder";"Alexandra39@hotmail.com";"+1 (877) 857-4409";127863.98
139;"Shari";"Wisoky";"Shari.Wisoky94@yahoo.com";"+1 (192) 334-8245";108711.26
140;"Paula";"Tremblay";"Paula_Tremblay@gmail.com";"+1 (891) 131-9488";142096.43
141;"Elbert";"Senger";"Elbert31@hotmail.com";"+1 (843) 826-6326";136723.01
142;"Marc";"Watsica";"Marc.Watsica62@hotmail.com";"+1 (976) 461-7070";118465.31
143;"Eduardo";"Jones";"Eduardo_Jones@gmail.com";"+1 (255) 426-1947";161906.49
144;"Leon";"Sanford";"Leon.Sanford94@gmail.com";"+1 (724) 212-9503";152836.33
145;"Lena";"Wuckert";"Lena.Wuckert@yahoo.com";"+1 (873) 557-7408";194558.73
146;"Rafael";"Berge";"Rafael.Berge18@yahoo.com";"+1 (112) 308-7081";170390.63
147;"Karen";"Boyle";"Karen_Boyle1@yahoo.com";"+1 (264) 192-2884";188237.07
148;"Phil";"Yundt";"Phil.Yundt14@yahoo.com";"+1 (406) 873-0374";176806.36
149;"Lowell";"Christiansen";"Lowell_Christiansen@gmail.com";"+1 (373) 940-9336";113021.76
150;"Patsy";"Haag";"Patsy35@gmail.com";"+1 (368) 959-3853";189577.93
151;"Yvette";"Kozey-Cole";"Yvette_Kozey-Cole98@yahoo.com";"+1 (398) 714-6392";154012.55
152;"Tommie";"Harber";"Tommie.Harber@hotmail.com";"+1 (384) 866-4746";108804.57
153;"Lana";"Pfannerstill";"Lana.Pfannerstill64@hotmail.com";"+1 (235) 270-1488";175371.51
154;"Eileen";"Stracke";"Eileen_Stracke@gmail.com";"+1 (079) 047-7179";171284.90
155;"Mildred";"Christiansen";"Mildred_Christiansen@gmail.com";"+1 (495) 297-3611";60136.44
156;"Constance";"McCullough";"Constance74@gmail.com";"+1 (977) 914-1237";185874.23
157;"Jody";"King";"Jody67@gmail.com";"+1 (985) 915-1261";85653.53
158;"Angelina";"Bailey";"Angelina_Bailey58@yahoo.com";"+1 (059) 114-5876";174361.61
159;"Kendra";"Lubowitz";"Kendra.Lubowitz@gmail.com";"+1 (391) 596-4623";174529.31
160;"Bryant";"Boehm";"Bryant.Boehm44@yahoo.com";"+1 (752) 582-6983";81092.97
161;"Kate";"Becker";"Kate.Becker43@gmail.com";"+1 (581) 199-5312";176432.09
162;"Essie";"Stiedemann";"Essie.Stiedemann80@hotmail.com";"+1 (936) 922-0233";127656.28
163;"Dale";"Tillman";"Dale92@hotmail.com";"+1 (573) 448-3231";59096.70
164;"Caroline";"Kshlerin";"Caroline.Kshlerin44@hotmail.com";"+1 (007) 843-7291";87587.07
165;"Shawna";"Heidenreich";"Shawna96@hotmail.com";"+1 (487) 889-0846";198706.16
166;"Dan";"Koepp";"Dan19@yahoo.com";"+1 (732) 276-1226";100154.25
167;"Jan";"Klocko";"Jan.Klocko@gmail.com";"+1 (943) 225-5807";60306.13
168;"Simon";"O'Conner";"Simon_OConner@hotmail.com";"+1 (866) 859-4674";57182.47
169;"Judith";"Kshlerin";"Judith11@hotmail.com";"+1 (899) 406-5373";88880.52
170;"Ana";"Nolan";"Ana.Nolan30@yahoo.com";"+1 (081) 181-5497";164938.83
171;"Lila";"Wuckert";"Lila24@gmail.com";"+1 (552) 671-1011";173667.48
172;"Julio";"Nitzsche";"Julio58@hotmail.com";"+1 (465) 062-0849";64152.38
173;"Teri";"Baumbach-Berge";"Teri_Baumbach-Berge62@yahoo.com";"+1 (521) 809-6205";191990.80
174;"Bernice";"Botsford";"Bernice8@yahoo.com";"+1 (912) 703-9991";69447.56
175;"Theresa";"Romaguera";"Theresa7@hotmail.com";"+1 (282) 824-8669";54009.57
176;"Kari";"Reilly";"Kari61@yahoo.com";"+1 (003) 034-3644";92282.63
177;"Cecelia";"Beahan";"Cecelia4@hotmail.com";"+1 (413) 367-7636";164594.37
178;"Violet";"Turner";"Violet75@yahoo.com";"+1 (766) 353-1390";186084.38
179;"Alfredo";"Stroman";"Alfredo_Stroman@yahoo.com";"+1 (249) 974-1590";62289.95
180;"Howard";"Ernser";"Howard.Ernser98@yahoo.com";"+1 (825) 992-1315";174918.21
181;"Nina";"Carroll";"Nina.Carroll36@gmail.com";"+1 (793) 794-9555";125088.77
182;"Belinda";"Nitzsche";"Belinda_Nitzsche93@yahoo.com";"+1 (886) 563-9215";86242.15
183;"Devin";"Spinka";"Devin70@yahoo.com";"+1 (156) 413-5563";51919.47
184;"Gene";"Schulist";"Gene.Schulist65@gmail.com";"+1 (993) 472-2446";67935.29
185;"Dawn";"Boyle";"Dawn_Boyle@hotmail.com";"+1 (804) 685-6062";61630.66
186;"Robert";"Cruickshank";"Robert73@gmail.com";"+1 (481) 558-2534";102291.93
187;"May";"Wolf";"May_Wolf@hotmail.com";"+1 (400) 088-7341";172079.62
188;"Elisa";"Harber";"Elisa.Harber82@hotmail.com";"+1 (502) 115-9564";97143.89
189;"Henry";"Blanda";"Henry12@hotmail.com";"+1 (624) 898-6976";156648.32
190;"Darin";"Ward";"Darin.Ward@yahoo.com";"+1 (436) 870-0456";85730.23
191;"Bethany";"Harber";"Bethany_Harber76@yahoo.com";"+1 (989) 258-2318";175226.09
192;"Percy";"Price";"Percy83@gmail.com";"+1 (778) 386-4574";51899.93
193;"Dawn";"Gislason";"Dawn.Gislason99@yahoo.com";"+1 (159) 279-9421";143062.69
194;"Jermaine";"Mosciski";"Jermaine_Mosciski@gmail.com";"+1 (105) 113-7276";189722.14
195;"Joan";"Homenick";"Joan13@gmail.com";"+1 (476) 690-9493";129456.34
196;"Iris";"Nolan";"Iris.Nolan@gmail.com";"+1 (148) 274-3958";90186.27
197;"Judith";"Gleason";"Judith_Gleason54@yahoo.com";"+1 (264) 515-3841";66619.46
198;"Ernestine";"Nicolas";"Ernestine.Nicolas79@hotmail.com";"+1 (711) 889-4357";64663.56
199;"Jermaine";"Kertzmann-Schneider";"Jermaine_Kertzmann-Schneider4@yahoo.com";"+1 (328) 678-7559";179050.51
200;"Patty";"Gottlieb";"Patty_Gottlieb@gmail.com";"+1 (392) 347-6528";133016.09
201;"Pablo";"Shields";"Pablo.Shields@hotmail.com";"+1 (886) 478-2283";119074.27
202;"Lydia";"Hauck";"Lydia.Hauck35@hotmail.com";"+1 (656) 305-0132";157435.25
203;"Joshua";"O'Connell";"Joshua.OConnell@hotmail.com";"+1 (380) 222-9791";151491.47
204;"Beth";"Johns";"Beth.Johns54@yahoo.com";"+1 (853) 512-8235";174387.70
205;"Cassandra";"Bartoletti";"Cassandra_Bartoletti44@hotmail.com";"+1 (317) 815-0874";133521.96
206;"Yolanda";"Grady";"Yolanda.Grady@gmail.com";"+1 (232) 712-8138";54474.12
207;"Kendra";"Stanton";"Kendra_Stanton@hotmail.com";"+1 (026) 980-9489";107228.04
208;"Debra";"Predovic";"Debra.Predovic@yahoo.com";"+1 (915) 804-7059";111670.07
209;"Angela";"Hilpert";"Angela_Hilpert31@yahoo.com";"+1 (315) 038-2059";113619.90
210;"Tracey";"Lakin";"Tracey_Lakin@yahoo.com";"+1 (046) 710-3548";178944.41
211;"Joy";"Glover";"Joy.Glover98@gmail.com";"+1 (532) 103-9182";138199.72
212;"Bennie";"Connelly";"Bennie.Connelly@yahoo.com";"+1 (954) 010-6776";180006.19
213;"Ted";"Blick";"Ted_Blick@hotmail.com";"+1 (896) 811-3389";62162.43
214;"Viola";"Jast";"Viola.Jast89@hotmail.com";"+1 (341) 862-4742";189133.38
215;"Sherman";"Luettgen";"Sherman_Luettgen59@gmail.com";"+1 (679) 366-5516";145769.75
216;"Nick";"Ferry";"Nick.Ferry@yahoo.com";"+1 (423) 643-1849";142543.85
217;"Clara";"Hilll";"Clara.Hilll@yahoo.com";"+1 (395) 863-5085";75490.21
218;"Francisco";"Murphy";"Francisco53@yahoo.com";"+1 (620) 221-1654";192520.09
219;"Elena";"Kreiger";"Elena.Kreiger@hotmail.com";"+1 (704) 207-0978";171207.66
220;"John";"Sporer";"John42@gmail.com";"+1 (054) 487-2920";159521.65
221;"Delores";"Dach";"Delores.Dach69@hotmail.com";"+1 (237) 527-5398";145087.56
222;"Wade";"Daniel";"Wade_Daniel@hotmail.com";"+1 (345) 211-9956";73197.75
223;"Melinda";"Effertz";"Melinda.Effertz@hotmail.com";"+1 (585) 338-0065";169772.66
224;"Kim";"Emard";"Kim_Emard@gmail.com";"+1 (238) 707-6135";82753.76
225;"Kelly";"White";"Kelly.White@yahoo.com";"+1 (895) 833-7666";110038.78
226;"Elizabeth";"Stanton";"Elizabeth82@hotmail.com";"+1 (127) 516-6278";69934.43
227;"Gregg";"Frami";"Gregg_Frami@hotmail.com";"+1 (696) 747-2849";84291.80
228;"Chad";"Harvey";"Chad34@yahoo.com";"+1 (298) 197-1023";51522.20
229;"Jan";"Powlowski";"Jan_Powlowski@yahoo.com";"+1 (776) 960-9299";121921.19
230;"Reginald";"Reynolds";"Reginald_Reynolds@hotmail.com";"+1 (161) 595-0865";137443.91
231;"Jeanne";"Price";"Jeanne.Price86@gmail.com";"+1 (833) 525-1960";126202.30
232;"Arnold";"Jacobs";"Arnold_Jacobs43@hotmail.com";"+1 (564) 925-4434";160077.33
233;"Olga";"Wisozk";"Olga_Wisozk61@gmail.com";"+1 (542) 890-4623";136375.81
234;"Kerry";"Wyman";"Kerry_Wyman39@gmail.com";"+1 (649) 361-6109";149000.29
235;"Roland";"Schmidt";"Roland.Schmidt83@yahoo.com";"+1 (683) 563-2808";72043.58
236;"Cora";"Kassulke";"Cora.Kassulke@yahoo.com";"+1 (734) 318-1418";103371.17
237;"Robin";"Morissette";"Robin.Morissette63@hotmail.com";"+1 (609) 176-6029";60020.63
238;"Janis";"Hickle";"Janis.Hickle@gmail.com";"+1 (326) 866-2359";141845.60
239;"Rodolfo";"O'Hara";"Rodolfo_OHara76@yahoo.com";"+1 (630) 203-1370";142329.15
240;"Julie";"Sanford";"Julie_Sanford@hotmail.com";"+1 (041) 007-4070";144060.76
241;"Jesus";"Franey";"Jesus66@yahoo.com";"+1 (989) 660-4233";60858.49
242;"Debbie";"Koepp";"Debbie.Koepp58@gmail.com";"+1 (647) 014-8064";103588.20
243;"Mamie";"Kuhlman";"Mamie.Kuhlman37@hotmail.com";"+1 (459) 817-6291";192750.77
244;"Sammy";"Fisher";"Sammy.Fisher37@hotmail.com";"+1 (680) 063-2903";143242.53
245;"Dominick";"Jacobs";"Dominick_Jacobs88@hotmail.com";"+1 (852) 595-6888";177727.28
246;"Duane";"Jacobson";"Duane54@yahoo.com";"+1 (441) 633-6999";112582.11
247;"Edmond";"Strosin";"Edmond77@gmail.com";"+1 (762) 242-8991";149398.27
248;"Evelyn";"Bogisich";"Evelyn.Bogisich17@hotmail.com";"+1 (980) 344-5662";54443.92
249;"Nellie";"Lakin";"Nellie10@yahoo.com";"+1 (695) 687-4612";80511.35
250;"Willie";"Effertz";"Willie_Effertz@hotmail.com";"+1 (406) 722-0957";146783.71
251;"Dexter";"Rice";"Dexter95@yahoo.com";"+1 (158) 419-7462";149735.05
252;"Angelina";"Rath";"Angelina.Rath@hotmail.com";"+1 (595) 821-5994";141287.66
253;"Elsie";"Kreiger";"Elsie69@hotmail.com";"+1 (871) 643-2650";115813.63
254;"Kenny";"Dach";"Kenny.Dach33@yahoo.com";"+1 (035) 256-6164";96285.65
255;"Vickie";"Hartmann";"Vickie_Hartmann84@gmail.com";"+1 (458) 729-3539";107707.16
256;"Kathy";"Sawayn-Feil";"Kathy_Sawayn-Feil@gmail.com";"+1 (799) 407-7847";134874.19
257;"Connie";"Kihn";"Connie.Kihn@hotmail.com";"+1 (646) 335-7295";146620.97
258;"Rachel";"Spinka";"Rachel.Spinka7@hotmail.com";"+1 (627) 451-5637";55043.72
259;"Emanuel";"Mitchell";"Emanuel78@yahoo.com";"+1 (609) 765-6599";168168.36
260;"Rogelio";"Parker";"Rogelio86@yahoo.com";"+1 (805) 041-3332";173104.11
261;"Oscar";"Gottlieb";"Oscar.Gottlieb29@hotmail.com";"+1 (426) 980-3934";124583.48
262;"Israel";"Christiansen";"Israel76@hotmail.com";"+1 (164) 813-2158";179413.63
263;"Bruce";"Howe";"Bruce.Howe36@yahoo.com";"+1 (590) 974-8268";198052.99
264;"Marlon";"Waters-Lueilwitz";"Marlon.Waters-Lueilwitz@gmail.com";"+1 (328) 104-1124";120613.96
265;"Neal";"Koss";"Neal_Koss@hotmail.com";"+1 (376) 359-7159";145607.87
266;"Domingo";"O'Kon";"Domingo9@hotmail.com";"+1 (856) 869-9215";114682.56
267;"Jennifer";"Sauer";"Jennifer.Sauer57@gmail.com";"+1 (182) 891-3576";140935.02
268;"Gilberto";"Maggio";"Gilberto_Maggio@hotmail.com";"+1 (077) 024-0848";159939.73
269;"Jackie";"Walker";"Jackie.Walker86@yahoo.com";"+1 (179) 499-4397";73248.37
270;"Sophia";"Christiansen";"Sophia81@hotmail.com";"+1 (628) 394-7150";56437.90
271;"Carole";"Parker";"Carole_Parker48@hotmail.com";"+1 (779) 527-3297";143804.50
272;"Lori";"Connelly";"Lori.Connelly@hotmail.com";"+1 (811) 586-5195";194022.01
273;"Chad";"Tromp";"Chad.Tromp28@yahoo.com";"+1 (256) 988-8170";66412.82
274;"Roger";"Hirthe";"Roger.Hirthe@hotmail.com";"+1 (694) 372-2725";66579.66
275;"Elias";"Price";"Elias.Price@hotmail.com";"+1 (513) 382-9341";85358.31
276;"Kelli";"Pfeffer";"Kelli.Pfeffer@gmail.com";"+1 (797) 440-9489";174926.95
277;"Lisa";"Gerhold";"Lisa.Gerhold58@gmail.com";"+1 (770) 203-1585";76324.43
278;"Ismael";"Jerde-Wolf";"Ismael.Jerde-Wolf@hotmail.com";"+1 (351) 830-5914";176980.94
279;"Neal";"Brown";"Neal64@hotmail.com";"+1 (650) 624-9205";83497.35
280;"Ruth";"Jakubowski";"Ruth.Jakubowski63@hotmail.com";"+1 (075) 787-6517";80202.98
281;"Elena";"Mohr";"Elena17@yahoo.com";"+1 (062) 602-3829";170668.27
282;"Rex";"Muller";"Rex.Muller44@yahoo.com";"+1 (010) 374-2813";150821.41
283;"Marsha";"Hermann";"Marsha.Hermann@yahoo.com";"+1 (183) 962-6779";100262.41
284;"Robin";"Beatty";"Robin80@yahoo.com";"+1 (692) 651-4025";158433.91
285;"Bradley";"Stehr";"Bradley.Stehr@gmail.com";"+1 (529) 500-6122";74473.07
286;"Edgar";"Parker";"Edgar.Parker@gmail.com";"+1 (388) 192-6282";116301.12
287;"Katherine";"Herman";"Katherine58@yahoo.com";"+1 (851) 835-6590";123952.05
288;"Charlene";"Homenick";"Charlene92@yahoo.com";"+1 (178) 502-5132";163757.20
289;"Maureen";"Weissnat";"Maureen_Weissnat@yahoo.com";"+1 (615) 227-6881";69247.05
290;"Santos";"Bayer";"Santos_Bayer21@yahoo.com";"+1 (001) 325-4953";182668.81
291;"Levi";"Berge-Rogahn";"Levi12@yahoo.com";"+1 (077) 093-8634";97989.00
292;"Daniel";"Stamm";"Daniel.Stamm@hotmail.com";"+1 (380) 460-6388";141381.36
293;"Vicki";"Hilpert";"Vicki64@gmail.com";"+1 (029) 888-7945";93460.96
294;"Phyllis";"Ziemann";"Phyllis84@hotmail.com";"+1 (701) 890-0641";158952.94
295;"Irma";"Ruecker";"Irma22@hotmail.com";"+1 (102) 142-1451";56326.56
296;"Rhonda";"McDermott";"Rhonda45@gmail.com";"+1 (316) 061-7028";65640.92
297;"Kristine";"Sawayn";"Kristine_Sawayn41@gmail.com";"+1 (969) 490-3163";113877.79
298;"Sheldon";"Stiedemann";"Sheldon.Stiedemann83@gmail.com";"+1 (704) 066-3333";165003.22
299;"Carol";"Moore-Shanahan";"Carol.Moore-Shanahan@yahoo.com";"+1 (553) 850-8272";135993.25
300;"Cristina";"Dickens";"Cristina41@hotmail.com";"+1 (688) 005-1549";166512.16
301;"Saul";"Champlin";"Saul_Champlin@gmail.com";"+1 (523) 161-1918";193724.86
302;"Troy";"Reichel";"Troy_Reichel@hotmail.com";"+1 (262) 566-9575";102991.79
303;"Melba";"Kutch";"Melba30@hotmail.com";"+1 (163) 314-7743";194031.89
304;"Marty";"Harris";"Marty_Harris@yahoo.com";"+1 (431) 005-9811";184944.26
305;"Eugene";"Baumbach";"Eugene77@gmail.com";"+1 (431) 443-6914";142489.37
306;"Elbert";"Williamson";"Elbert23@gmail.com";"+1 (792) 319-4218";138827.87
307;"Mamie";"Dicki";"Mamie_Dicki@gmail.com";"+1 (533) 081-0010";104648.20
308;"Sophie";"Johns";"Sophie.Johns40@yahoo.com";"+1 (346) 909-4360";170991.64
309;"Daisy";"Welch";"Daisy57@yahoo.com";"+1 (351) 324-9822";100765.00
310;"Stacy";"Dach";"Stacy.Dach43@yahoo.com";"+1 (188) 506-5221";172323.73
311;"Maria";"Hammes";"Maria.Hammes@gmail.com";"+1 (499) 167-1143";71788.38
312;"Jennifer";"Will";"Jennifer_Will@gmail.com";"+1 (536) 318-9463";103774.75
313;"Trevor";"Connelly";"Trevor.Connelly@yahoo.com";"+1 (857) 282-1692";99873.12
314;"Loretta";"Schuppe";"Loretta_Schuppe@yahoo.com";"+1 (947) 122-5724";148092.97
315;"Nancy";"Collins";"Nancy.Collins@gmail.com";"+1 (218) 821-0135";86974.08
316;"Belinda";"West";"Belinda.West@yahoo.com";"+1 (575) 154-1144";187432.44
317;"Clyde";"McCullough";"Clyde_McCullough@hotmail.com";"+1 (393) 689-0498";77466.55
318;"Nicole";"Huel";"Nicole.Huel@gmail.com";"+1 (138) 430-6352";56602.50
319;"Leon";"Effertz";"Leon_Effertz82@hotmail.com";"+1 (110) 234-3696";63949.07
320;"Andrea";"Koelpin";"Andrea22@yahoo.com";"+1 (360) 931-8510";173098.45
321;"Opal";"Daugherty";"Opal_Daugherty@gmail.com";"+1 (069) 430-2104";62940.43
322;"Barry";"Johnson";"Barry47@yahoo.com";"+1 (948) 526-8869";134731.51
323;"Alison";"Zboncak";"Alison88@gmail.com";"+1 (764) 798-3216";134317.02
324;"Lorenzo";"Dietrich-Sauer";"Lorenzo.Dietrich-Sauer65@hotmail.com";"+1 (299) 886-9173";117714.72
325;"Terry";"Schultz";"Terry54@gmail.com";"+1 (791) 240-9820";79172.28
326;"Wendy";"Stracke";"Wendy.Stracke56@hotmail.com";"+1 (463) 105-4424";52408.19
327;"Lorena";"Hoeger-Rath";"Lorena.Hoeger-Rath69@hotmail.com";"+1 (794) 831-8868";153144.56
328;"Olive";"Heidenreich";"Olive46@gmail.com";"+1 (465) 737-8165";150176.94
329;"Gladys";"Shields";"Gladys_Shields20@gmail.com";"+1 (203) 727-1435";57805.83
330;"Mamie";"Franey";"Mamie_Franey47@yahoo.com";"+1 (837) 379-3692";154088.23
331;"Lorene";"Quigley";"Lorene.Quigley@gmail.com";"+1 (301) 564-7541";67676.51
332;"Oscar";"Kuhic-White";"Oscar33@gmail.com";"+1 (571) 831-4462";159946.00
333;"Laura";"Terry";"Laura_Terry@hotmail.com";"+1 (514) 470-2133";189265.01
334;"Everett";"Langosh";"Everett20@hotmail.com";"+1 (318) 040-8774";55568.37
335;"May";"Gusikowski";"May96@yahoo.com";"+1 (207) 503-5168";172733.05
336;"Lynette";"Mueller";"Lynette_Mueller@gmail.com";"+1 (365) 319-6126";55154.72
337;"Rex";"Wisozk";"Rex.Wisozk@hotmail.com";"+1 (084) 476-9955";99240.05
338;"Wanda";"Watsica";"Wanda71@hotmail.com";"+1 (117) 420-3041";79041.93
339;"Jordan";"Raynor";"Jordan.Raynor@yahoo.com";"+1 (382) 402-8324";109086.75
340;"Jimmy";"Kozey";"Jimmy.Kozey@yahoo.com";"+1 (782) 700-4252";57719.42
341;"Hope";"Weimann";"Hope.Weimann@gmail.com";"+1 (450) 264-1816";63868.06
342;"Joan";"Wisozk";"Joan_Wisozk74@yahoo.com";"+1 (934) 350-3604";51792.25
343;"Gilbert";"Walsh";"Gilbert_Walsh29@hotmail.com";"+1 (240) 736-4582";131372.37
344;"Dolores";"Kohler";"Dolores.Kohler44@yahoo.com";"+1 (178) 263-2406";68428.39
345;"Terri";"Lang";"Terri_Lang99@yahoo.com";"+1 (950) 736-7827";95082.87
346;"Jo";"Sporer";"Jo.Sporer60@yahoo.com";"+1 (165) 425-8749";146347.41
347;"Angelo";"Jacobs";"Angelo.Jacobs23@yahoo.com";"+1 (023) 261-7846";103076.78
348;"Michelle";"Barrows-Nader";"Michelle_Barrows-Nader@gmail.com";"+1 (448) 370-0517";95723.39
349;"Noel";"D'Amore";"Noel_DAmore@yahoo.com";"+1 (948) 763-0013";58209.60
350;"Marianne";"Cruickshank";"Marianne_Cruickshank2@gmail.com";"+1 (604) 144-4042";110282.71
351;"Christine";"Schumm";"Christine.Schumm36@hotmail.com";"+1 (659) 046-2672";167105.69
352;"Jacqueline";"Hermiston";"Jacqueline_Hermiston@yahoo.com";"+1 (757) 911-4468";55070.90
353;"Daryl";"Schroeder";"Daryl_Schroeder13@yahoo.com";"+1 (306) 032-0523";189870.87
354;"Monique";"Murazik";"Monique_Murazik44@hotmail.com";"+1 (300) 693-8218";70020.07
355;"Matt";"Carter";"Matt_Carter@yahoo.com";"+1 (139) 818-2726";141846.23
356;"Saul";"Wehner";"Saul.Wehner@gmail.com";"+1 (412) 048-6613";59231.76
357;"Janie";"Ritchie";"Janie_Ritchie@hotmail.com";"+1 (552) 186-2957";126413.61
358;"Lynette";"Jerde";"Lynette_Jerde65@yahoo.com";"+1 (563) 708-7423";122821.03
359;"Marie";"Champlin-Collins";"Marie_Champlin-Collins5@yahoo.com";"+1 (528) 815-1152";102265.15
360;"Steven";"Muller";"Steven11@hotmail.com";"+1 (919) 698-2507";156306.20
361;"Rita";"Paucek";"Rita_Paucek24@yahoo.com";"+1 (121) 257-3935";50154.34
362;"Kay";"Kunze";"Kay.Kunze@gmail.com";"+1 (424) 136-3276";132986.90
363;"Clayton";"Schaden";"Clayton88@hotmail.com";"+1 (394) 758-4504";157677.92
364;"Kelly";"McDermott";"Kelly18@yahoo.com";"+1 (196) 414-8316";96000.94
365;"Wilbur";"Jerde-Bradtke";"Wilbur_Jerde-Bradtke@gmail.com";"+1 (314) 994-0624";185230.75
366;"Ida";"McCullough";"Ida.McCullough@gmail.com";"+1 (620) 467-5957";185259.36
367;"Margie";"Heaney";"Margie.Heaney84@yahoo.com";"+1 (670) 300-4766";128776.19
368;"Christie";"Schulist";"Christie_Schulist84@yahoo.com";"+1 (471) 595-2470";111210.25
369;"Wade";"Gusikowski";"Wade14@yahoo.com";"+1 (973) 373-9139";62065.31
370;"Alexander";"Dibbert";"Alexander.Dibbert@gmail.com";"+1 (099) 079-7349";75537.17
371;"Lindsey";"Morar";"Lindsey82@hotmail.com";"+1 (459) 417-9546";67795.84
372;"Barry";"Wuckert";"Barry.Wuckert47@yahoo.com";"+1 (917) 093-5006";138091.99
373;"Myrtle";"Ziemann";"Myrtle.Ziemann33@gmail.com";"+1 (695) 022-3190";188805.46
374;"Joanne";"Jacobson";"Joanne.Jacobson@hotmail.com";"+1 (120) 884-3116";90870.55
375;"Johnnie";"Stamm";"Johnnie_Stamm@yahoo.com";"+1 (916) 010-3981";159770.16
376;"Ed";"Kerluke";"Ed.Kerluke@gmail.com";"+1 (335) 341-1096";139293.75
377;"Morris";"Langworth";"Morris.Langworth49@hotmail.com";"+1 (692) 009-1366";158296.42
378;"Lance";"Hirthe";"Lance_Hirthe38@yahoo.com";"+1 (859) 114-4805";108928.14
379;"Ken";"Wiza";"Ken23@hotmail.com";"+1 (692) 286-1779";108013.00
380;"Shawna";"Schoen";"Shawna32@yahoo.com";"+1 (717) 848-0748";106609.95
381;"Patti";"Jacobs";"Patti.Jacobs37@hotmail.com";"+1 (385) 279-2748";197995.03
382;"Henry";"Ziemann";"Henry_Ziemann@hotmail.com";"+1 (271) 673-0892";138567.94
383;"John";"Connelly";"John.Connelly@gmail.com";"+1 (954) 706-6604";89430.65
384;"Seth";"Greenholt";"Seth37@gmail.com";"+1 (396) 659-8836";83564.39
385;"Luther";"Rosenbaum";"Luther_Rosenbaum21@yahoo.com";"+1 (978) 566-9852";174339.11
386;"Karla";"Boyer";"Karla71@hotmail.com";"+1 (825) 217-5604";116406.70
387;"Mathew";"Kassulke";"Mathew3@hotmail.com";"+1 (980) 934-3489";115808.84
388;"Eduardo";"Schaden";"Eduardo_Schaden@hotmail.com";"+1 (954) 910-9083";65626.26
389;"Terrell";"Larson";"Terrell_Larson@hotmail.com";"+1 (731) 023-6775";116414.95
390;"Janie";"Kreiger";"Janie80@hotmail.com";"+1 (183) 697-8614";76631.51
391;"Vincent";"Miller";"Vincent_Miller@gmail.com";"+1 (493) 057-7985";156680.28
392;"Darla";"Stokes";"Darla.Stokes@yahoo.com";"+1 (375) 170-7846";129574.24
393;"Lydia";"Jones";"Lydia.Jones36@yahoo.com";"+1 (886) 283-1790";72499.09
394;"Pamela";"Cartwright";"Pamela_Cartwright4@gmail.com";"+1 (874) 949-8460";172062.50
395;"Jessie";"Volkman";"Jessie_Volkman54@yahoo.com";"+1 (246) 453-9533";82572.54
396;"Jennie";"Veum";"Jennie_Veum62@gmail.com";"+1 (710) 741-9248";183749.82
397;"Archie";"Orn";"Archie80@yahoo.com";"+1 (544) 703-1353";196974.47
398;"Ian";"Simonis";"Ian_Simonis42@gmail.com";"+1 (131) 595-5742";167393.78
399;"Debbie";"Davis-Hammes";"Debbie_Davis-Hammes21@hotmail.com";"+1 (298) 343-6879";167661.01
400;"Shannon";"Douglas";"Shannon.Douglas@hotmail.com";"+1 (615) 118-0753";150102.94
401;"Chad";"Heller";"Chad_Heller@gmail.com";"+1 (551) 548-1214";73093.78
402;"Daisy";"Ondricka";"Daisy23@hotmail.com";"+1 (171) 929-1150";91221.65
403;"Renee";"MacGyver";"Renee.MacGyver@gmail.com";"+1 (932) 107-7245";162614.59
404;"Jermaine";"Renner";"Jermaine_Renner25@yahoo.com";"+1 (439) 843-5987";108629.80
405;"June";"Hamill";"June_Hamill49@hotmail.com";"+1 (345) 951-4365";128548.17
406;"Jean";"Franey";"Jean.Franey@hotmail.com";"+1 (542) 040-9728";175146.28
407;"Cathy";"Ryan";"Cathy_Ryan@gmail.com";"+1 (917) 059-5386";101392.78
408;"Abraham";"Padberg";"Abraham.Padberg14@hotmail.com";"+1 (699) 354-8822";184311.68
409;"Albert";"Jast";"Albert79@gmail.com";"+1 (053) 882-3035";87990.91
410;"Keith";"Blick";"Keith_Blick@yahoo.com";"+1 (124) 219-6054";175650.03
411;"Mario";"Hyatt";"Mario_Hyatt30@gmail.com";"+1 (219) 751-4000";118010.30
412;"Jamie";"Koelpin";"Jamie_Koelpin@hotmail.com";"+1 (891) 962-2832";58444.52
413;"Austin";"Schuppe";"Austin_Schuppe@hotmail.com";"+1 (320) 098-4026";71941.13
414;"Belinda";"Rippin";"Belinda.Rippin@hotmail.com";"+1 (897) 102-1882";67860.70
415;"Penny";"Little";"Penny_Little@yahoo.com";"+1 (887) 954-5259";185060.24
416;"Renee";"Bergnaum";"Renee59@yahoo.com";"+1 (607) 836-6797";155430.63
417;"Frank";"Windler";"Frank_Windler@hotmail.com";"+1 (745) 300-9166";86286.46
418;"Jessie";"Abshire";"Jessie.Abshire@hotmail.com";"+1 (082) 611-7647";59817.48
419;"Walter";"Hegmann";"Walter69@yahoo.com";"+1 (221) 285-4040";177499.00
420;"Shannon";"Mueller";"Shannon.Mueller40@yahoo.com";"+1 (634) 124-7272";62991.42
421;"Jenna";"Mann";"Jenna_Mann@hotmail.com";"+1 (905) 798-1444";101761.95
422;"Oliver";"Cruickshank";"Oliver28@hotmail.com";"+1 (696) 331-4095";116246.04
423;"Howard";"Rippin";"Howard.Rippin56@gmail.com";"+1 (340) 806-1599";101562.79
424;"Harold";"Pollich";"Harold.Pollich13@yahoo.com";"+1 (050) 490-2637";115270.60
425;"Megan";"Greenfelder";"Megan.Greenfelder@hotmail.com";"+1 (796) 913-8355";148542.87
426;"Tracy";"Larkin";"Tracy.Larkin83@yahoo.com";"+1 (561) 824-2282";66715.57
427;"Tina";"Jacobson";"Tina_Jacobson@gmail.com";"+1 (174) 523-8443";199639.56
428;"Billy";"Wintheiser";"Billy_Wintheiser@hotmail.com";"+1 (095) 020-1562";138038.07
429;"Regina";"Moen";"Regina_Moen@yahoo.com";"+1 (316) 450-2090";109926.68
430;"Leslie";"Cassin";"Leslie.Cassin@hotmail.com";"+1 (166) 005-9998";141027.77
431;"Rodney";"Carter";"Rodney_Carter@yahoo.com";"+1 (083) 835-5212";157579.21
432;"Gustavo";"Klocko";"Gustavo_Klocko88@hotmail.com";"+1 (843) 917-0705";60291.91
433;"Elijah";"Keebler";"Elijah78@yahoo.com";"+1 (743) 660-7829";172230.90
434;"Jake";"Kuhlman";"Jake.Kuhlman@hotmail.com";"+1 (836) 457-6439";103129.72
435;"Fannie";"Hane";"Fannie.Hane@gmail.com";"+1 (641) 449-6401";117405.28
436;"Vicky";"Gorczany";"Vicky90@hotmail.com";"+1 (986) 309-7687";52095.22
437;"Jorge";"Howell";"Jorge.Howell48@yahoo.com";"+1 (965) 453-6230";191169.10
438;"Annette";"Keebler";"Annette_Keebler@gmail.com";"+1 (988) 054-9965";197150.14
439;"Clifton";"Bernier";"Clifton_Bernier67@gmail.com";"+1 (865) 624-6613";191017.79
440;"Gail";"Beier";"Gail.Beier@hotmail.com";"+1 (481) 620-5332";179455.22
441;"Ignacio";"Greenholt-Huel";"Ignacio66@hotmail.com";"+1 (810) 114-7375";124876.40
442;"Gretchen";"Hoppe";"Gretchen26@gmail.com";"+1 (722) 506-5363";143986.99
443;"Wilson";"Christiansen";"Wilson.Christiansen@gmail.com";"+1 (346) 208-5840";80024.54
444;"Kay";"Cruickshank";"Kay_Cruickshank55@yahoo.com";"+1 (013) 398-8552";183558.28
445;"Faye";"Schaden-Stanton";"Faye64@hotmail.com";"+1 (302) 942-5583";170506.33
446;"Caleb";"Hilpert";"Caleb_Hilpert38@yahoo.com";"+1 (934) 159-3055";198104.37
447;"Daryl";"Greenholt";"Daryl_Greenholt43@gmail.com";"+1 (563) 755-6300";131556.37
448;"Elizabeth";"Stroman";"Elizabeth_Stroman@yahoo.com";"+1 (468) 973-3047";176802.75
449;"Gerardo";"Sporer";"Gerardo64@yahoo.com";"+1 (826) 282-9138";57065.55
450;"Cecelia";"Gulgowski";"Cecelia36@gmail.com";"+1 (405) 080-1653";89224.89
451;"Pete";"Kreiger";"Pete.Kreiger@gmail.com";"+1 (637) 319-1019";58683.71
452;"Pablo";"Gulgowski-Treutel";"Pablo_Gulgowski-Treutel74@gmail.com";"+1 (285) 083-9359";173988.89
453;"Lee";"Kuphal";"Lee_Kuphal43@hotmail.com";"+1 (710) 455-3857";129829.91
454;"Omar";"Fritsch";"Omar.Fritsch63@gmail.com";"+1 (179) 846-7419";73246.16
455;"Nettie";"Krajcik";"Nettie.Krajcik@yahoo.com";"+1 (559) 478-5314";50958.56
456;"Roland";"Heaney";"Roland.Heaney@gmail.com";"+1 (149) 030-0528";126441.99
457;"Raquel";"O'Connell";"Raquel_OConnell@yahoo.com";"+1 (269) 827-0513";73217.76
458;"Doyle";"Schimmel";"Doyle.Schimmel69@hotmail.com";"+1 (272) 610-1220";199007.57
459;"Drew";"Wiegand";"Drew61@yahoo.com";"+1 (149) 323-2629";168596.77
460;"Jan";"Mante";"Jan_Mante57@yahoo.com";"+1 (158) 335-5122";182701.51
461;"Kendra";"Davis";"Kendra_Davis@hotmail.com";"+1 (104) 731-6536";152736.04
462;"Sherman";"Stracke";"Sherman_Stracke41@gmail.com";"+1 (250) 728-4862";86276.88
463;"Alan";"Hessel";"Alan_Hessel@hotmail.com";"+1 (777) 332-3079";150568.16
464;"Arnold";"Renner-Murphy";"Arnold.Renner-Murphy41@gmail.com";"+1 (718) 002-5318";78269.42
465;"Lloyd";"Pfeffer";"Lloyd_Pfeffer46@yahoo.com";"+1 (735) 392-2890";172924.98
466;"Ramon";"Torp";"Ramon.Torp@gmail.com";"+1 (559) 046-7856";107859.00
467;"Van";"Barton";"Van98@hotmail.com";"+1 (808) 824-9488";73800.98
468;"Tabitha";"Douglas";"Tabitha15@yahoo.com";"+1 (032) 491-9957";103082.39
469;"Carmen";"Monahan";"Carmen62@gmail.com";"+1 (696) 325-4866";195540.08
470;"Suzanne";"Greenfelder";"Suzanne.Greenfelder@hotmail.com";"+1 (907) 867-5611";128274.11
471;"Jeremy";"Ritchie";"Jeremy35@hotmail.com";"+1 (284) 200-8507";186340.17
472;"Antonia";"Heidenreich";"Antonia_Heidenreich92@gmail.com";"+1 (841) 392-6916";73110.30
473;"Mack";"Brakus";"Mack_Brakus@hotmail.com";"+1 (591) 247-6382";80548.87
474;"Gregg";"Lebsack";"Gregg.Lebsack37@hotmail.com";"+1 (216) 703-5466";142856.46
475;"Gary";"Dare";"Gary_Dare@hotmail.com";"+1 (508) 831-0174";128497.56
476;"Meghan";"Maggio";"Meghan52@yahoo.com";"+1 (637) 298-0026";58915.82
477;"Willis";"Kshlerin";"Willis20@hotmail.com";"+1 (921) 036-5891";57234.02
478;"Wilbur";"Morissette";"Wilbur7@gmail.com";"+1 (084) 620-6965";96939.24
479;"Sergio";"Greenholt";"Sergio71@hotmail.com";"+1 (799) 421-1686";125406.67
480;"Nellie";"Kertzmann";"Nellie37@hotmail.com";"+1 (816) 705-7640";196204.87
481;"Kari";"Fadel";"Kari.Fadel59@yahoo.com";"+1 (225) 201-1711";178542.63
482;"Brenda";"Renner";"Brenda46@yahoo.com";"+1 (608) 476-8674";179839.81
483;"Mattie";"Farrell";"Mattie38@yahoo.com";"+1 (241) 430-9433";125599.00
484;"Ramiro";"Kling";"Ramiro_Kling39@gmail.com";"+1 (491) 690-6787";59659.17
485;"Dale";"Adams";"Dale27@hotmail.com";"+1 (321) 287-0467";170232.77
486;"Leslie";"Mayert";"Leslie_Mayert@gmail.com";"+1 (068) 176-0069";182865.26
487;"Catherine";"Hayes";"Catherine.Hayes@yahoo.com";"+1 (272) 258-4017";95916.81
488;"Jack";"Gutmann";"Jack_Gutmann@gmail.com";"+1 (667) 242-3086";142350.07
489;"Natasha";"Braun";"Natasha.Braun@yahoo.com";"+1 (846) 497-9404";177113.53
490;"Johanna";"Kris";"Johanna.Kris66@yahoo.com";"+1 (729) 314-3767";142250.98
491;"Bill";"Goodwin";"Bill23@gmail.com";"+1 (283) 666-4702";161547.18
492;"Myron";"Kozey";"Myron_Kozey@gmail.com";"+1 (435) 522-5466";106026.06
493;"Alexis";"Schmitt";"Alexis.Schmitt14@hotmail.com";"+1 (259) 035-2350";78873.76
494;"Johnnie";"Lockman";"Johnnie_Lockman@gmail.com";"+1 (532) 235-0805";177175.28
495;"Evelyn";"Bergstrom";"Evelyn_Bergstrom@hotmail.com";"+1 (216) 815-5855";60403.66
496;"Claude";"Ernser";"Claude_Ernser38@gmail.com";"+1 (495) 289-4055";148806.14
497;"Perry";"Bashirian";"Perry_Bashirian18@hotmail.com";"+1 (048) 051-3962";136169.74
498;"Matt";"Hudson";"Matt.Hudson@gmail.com";"+1 (018) 959-4806";145681.44
499;"Preston";"Luettgen";"Preston.Luettgen@gmail.com";"+1 (038) 027-5771";126477.50
500;"Charles";"Grady";"Charles_Grady@gmail.com";"+1 (001) 108-3572";82781.73
501;"Aaron";"Franecki";"Aaron_Franecki69@yahoo.com";"+1 (231) 320-4668";197919.13
502;"Bernadette";"O'Hara";"Bernadette71@yahoo.com";"+1 (205) 587-5381";107357.32
503;"Fred";"Senger";"Fred37@hotmail.com";"+1 (422) 170-7827";187756.40
504;"Ann";"Pagac";"Ann_Pagac@gmail.com";"+1 (287) 373-4416";144251.91
505;"Ruth";"Langosh";"Ruth.Langosh@hotmail.com";"+1 (428) 209-2170";158998.47
506;"Gertrude";"Jenkins";"Gertrude_Jenkins@hotmail.com";"+1 (291) 431-5715";118328.85
507;"Clay";"Franecki";"Clay.Franecki18@yahoo.com";"+1 (107) 827-5558";62447.19
508;"Robyn";"Little";"Robyn.Little95@yahoo.com";"+1 (507) 653-1922";157168.01
509;"Pamela";"Dach";"Pamela.Dach4@hotmail.com";"+1 (825) 386-3914";112165.57
510;"Clifton";"Kozey";"Clifton.Kozey32@hotmail.com";"+1 (122) 808-2416";134564.40
511;"Sidney";"Wolf";"Sidney_Wolf@yahoo.com";"+1 (592) 740-3059";156119.52
512;"Melanie";"Rosenbaum";"Melanie_Rosenbaum52@hotmail.com";"+1 (426) 295-2671";50592.74
513;"Yolanda";"Hilpert";"Yolanda_Hilpert80@gmail.com";"+1 (023) 322-7223";139190.88
514;"Alison";"Kuhlman";"Alison41@yahoo.com";"+1 (544) 400-0001";196229.69
515;"Willis";"MacGyver";"Willis38@hotmail.com";"+1 (665) 951-8514";184445.58
516;"Wendy";"Ratke";"Wendy.Ratke@gmail.com";"+1 (549) 896-2314";95710.56
517;"Lauren";"Powlowski";"Lauren65@gmail.com";"+1 (487) 370-4535";58592.03
518;"Lester";"Cormier";"Lester5@hotmail.com";"+1 (567) 636-1991";181634.10
519;"Cheryl";"Armstrong";"Cheryl11@yahoo.com";"+1 (156) 645-3473";114366.01
520;"Glenda";"Huel";"Glenda_Huel16@hotmail.com";"+1 (835) 007-1926";107757.25
521;"Bryant";"Rau";"Bryant12@gmail.com";"+1 (279) 493-7170";57907.45
522;"Ollie";"Daugherty";"Ollie_Daugherty54@hotmail.com";"+1 (353) 481-6964";167736.49
523;"Roland";"Kuhlman";"Roland3@gmail.com";"+1 (628) 917-8997";167630.52
524;"Darin";"Schneider-Crooks";"Darin76@hotmail.com";"+1 (020) 307-1401";139240.37
525;"Bobbie";"Breitenberg";"Bobbie_Breitenberg31@yahoo.com";"+1 (638) 844-3233";136455.37
526;"Mable";"Kertzmann-West";"Mable_Kertzmann-West60@yahoo.com";"+1 (338) 146-1742";87911.09
527;"Sean";"Gorczany";"Sean_Gorczany44@hotmail.com";"+1 (815) 053-8336";76633.39
528;"Lorena";"Blanda";"Lorena43@yahoo.com";"+1 (561) 979-6426";90241.11
529;"Genevieve";"Gutmann";"Genevieve.Gutmann93@hotmail.com";"+1 (274) 862-2688";75160.61
530;"Michele";"Cummerata";"Michele.Cummerata69@hotmail.com";"+1 (819) 918-6913";194834.90
531;"Greg";"Gislason";"Greg.Gislason@gmail.com";"+1 (291) 317-9456";149909.56
532;"Jack";"Nikolaus";"Jack.Nikolaus35@yahoo.com";"+1 (680) 683-2288";144950.81
533;"Lena";"Ebert";"Lena_Ebert16@yahoo.com";"+1 (007) 850-5045";109980.66
534;"Opal";"Glover";"Opal_Glover75@gmail.com";"+1 (033) 038-3562";73804.61
535;"Lois";"Fadel";"Lois_Fadel@yahoo.com";"+1 (012) 703-3050";120717.17
536;"Irving";"Kuhic";"Irving_Kuhic25@yahoo.com";"+1 (985) 777-5738";62369.45
537;"Irene";"Cormier";"Irene72@hotmail.com";"+1 (015) 495-8016";55981.33
538;"Clara";"Williamson";"Clara_Williamson@yahoo.com";"+1 (296) 741-5368";125556.07
539;"Joy";"Boyle";"Joy.Boyle10@hotmail.com";"+1 (123) 697-0530";140338.40
540;"Benny";"Green";"Benny56@hotmail.com";"+1 (832) 972-2283";126165.17
541;"Jill";"Lind";"Jill.Lind0@gmail.com";"+1 (912) 017-2392";86741.20
542;"Yvonne";"Tromp";"Yvonne61@hotmail.com";"+1 (378) 312-7405";169615.87
543;"Elaine";"Bartoletti-Heathcote";"Elaine91@yahoo.com";"+1 (185) 388-2486";54550.65
544;"Nicole";"Koepp";"Nicole94@hotmail.com";"+1 (478) 032-0378";115776.91
545;"Jonathan";"Labadie";"Jonathan65@yahoo.com";"+1 (732) 713-3139";140663.89
546;"Garrett";"Langworth";"Garrett.Langworth@gmail.com";"+1 (348) 146-0700";191517.62
547;"Darin";"Hessel";"Darin.Hessel@yahoo.com";"+1 (551) 792-1068";68233.15
548;"Vincent";"Bruen-Swift";"Vincent.Bruen-Swift25@gmail.com";"+1 (652) 771-4213";90923.80
549;"Hubert";"Wunsch";"Hubert73@gmail.com";"+1 (525) 573-3674";108587.95
550;"Marcella";"Brown";"Marcella.Brown@hotmail.com";"+1 (955) 366-7542";129814.08
551;"Geneva";"Ruecker";"Geneva_Ruecker@hotmail.com";"+1 (957) 519-7859";92715.61
552;"Shannon";"Hamill";"Shannon_Hamill@yahoo.com";"+1 (954) 277-6817";152362.76
553;"Johnathan";"Bartoletti";"Johnathan.Bartoletti@gmail.com";"+1 (674) 208-1875";102410.79
554;"Sandy";"Hodkiewicz-Anderson";"Sandy27@yahoo.com";"+1 (189) 974-7372";180958.19
555;"Dorothy";"Rowe";"Dorothy_Rowe88@gmail.com";"+1 (502) 923-3214";82643.31
556;"Daniel";"Parker";"Daniel.Parker84@hotmail.com";"+1 (065) 661-2552";110496.71
557;"Van";"Dooley";"Van53@yahoo.com";"+1 (986) 495-9720";177389.99
558;"Dexter";"Mosciski";"Dexter76@hotmail.com";"+1 (213) 797-3787";131712.25
559;"Earl";"Rippin";"Earl.Rippin51@yahoo.com";"+1 (061) 789-6476";179093.83
560;"Gregg";"Johnson";"Gregg_Johnson70@gmail.com";"+1 (514) 097-0462";119805.33
561;"Myrtle";"Adams";"Myrtle.Adams99@gmail.com";"+1 (247) 210-1123";53706.83
562;"Vicki";"Kiehn";"Vicki.Kiehn@yahoo.com";"+1 (138) 084-5020";174682.84
563;"Charles";"Botsford";"Charles96@gmail.com";"+1 (709) 421-0918";141606.86
564;"Whitney";"Hilll";"Whitney_Hilll@gmail.com";"+1 (501) 398-3810";68043.53
565;"Shawn";"Moen";"Shawn20@hotmail.com";"+1 (296) 036-3466";70195.07
566;"Latoya";"Hermiston";"Latoya_Hermiston93@hotmail.com";"+1 (841) 977-5501";108516.15
567;"Preston";"Hagenes";"Preston.Hagenes@gmail.com";"+1 (732) 773-7548";64116.25
568;"Mario";"Schimmel";"Mario.Schimmel@gmail.com";"+1 (373) 056-6069";161812.21
569;"Homer";"Predovic";"Homer_Predovic@yahoo.com";"+1 (083) 825-8483";111501.41
570;"Sophia";"Sporer";"Sophia.Sporer62@hotmail.com";"+1 (803) 174-2141";125603.92
571;"Rogelio";"Gleichner-Altenwerth";"Rogelio.Gleichner-Altenwerth@hotmail.com";"+1 (158) 486-6353";86096.25
572;"Mitchell";"O'Conner";"Mitchell76@hotmail.com";"+1 (089) 152-6237";159389.53
573;"Damon";"Pouros";"Damon5@hotmail.com";"+1 (489) 690-5354";61106.89
574;"Rosalie";"Bernier";"Rosalie.Bernier34@gmail.com";"+1 (375) 953-7128";95722.25
575;"Robin";"Dickens";"Robin97@hotmail.com";"+1 (986) 364-9599";188636.61
576;"Sharon";"Donnelly";"Sharon22@gmail.com";"+1 (468) 396-2998";137647.81
577;"Eduardo";"Dickens";"Eduardo60@yahoo.com";"+1 (064) 133-9059";111946.41
578;"Violet";"Hegmann";"Violet_Hegmann@hotmail.com";"+1 (450) 015-6437";158217.54
579;"Connie";"Hermiston";"Connie75@gmail.com";"+1 (719) 512-7005";138267.58
580;"Cedric";"Torphy";"Cedric.Torphy22@hotmail.com";"+1 (795) 702-7558";188291.65
581;"Deborah";"Braun";"Deborah67@gmail.com";"+1 (326) 618-9692";56710.44
582;"Tanya";"Lind";"Tanya70@hotmail.com";"+1 (538) 339-1492";83590.86
583;"Laverne";"Vandervort";"Laverne.Vandervort54@gmail.com";"+1 (512) 755-8502";99302.41
584;"Renee";"Leuschke";"Renee6@gmail.com";"+1 (521) 756-5811";131931.29
585;"Jeanne";"Schmeler";"Jeanne59@yahoo.com";"+1 (175) 128-0977";136790.97
586;"Nicholas";"Buckridge";"Nicholas_Buckridge@hotmail.com";"+1 (166) 883-7893";176548.61
587;"Tracey";"Steuber";"Tracey_Steuber30@hotmail.com";"+1 (181) 892-5198";109181.11
588;"Clay";"Keebler";"Clay_Keebler10@yahoo.com";"+1 (293) 471-4397";140723.47
589;"Bill";"Morissette";"Bill76@hotmail.com";"+1 (933) 023-8039";187810.12
590;"Dorothy";"Pfeffer";"Dorothy.Pfeffer@hotmail.com";"+1 (296) 865-4078";62957.33
591;"Lowell";"Hickle";"Lowell_Hickle68@gmail.com";"+1 (764) 537-4844";186939.46
592;"Nichole";"Mosciski-Spencer";"Nichole11@hotmail.com";"+1 (815) 260-9826";189201.34
593;"Teresa";"Tromp";"Teresa_Tromp76@yahoo.com";"+1 (290) 920-9721";178658.40
594;"Katie";"Von";"Katie9@hotmail.com";"+1 (967) 782-1784";80175.74
595;"Juanita";"Ward";"Juanita.Ward62@yahoo.com";"+1 (535) 050-7116";149080.00
596;"Fredrick";"Harber";"Fredrick.Harber@yahoo.com";"+1 (387) 317-5580";109668.28
597;"Dale";"Wolf";"Dale64@hotmail.com";"+1 (831) 880-5227";136826.89
598;"Kristi";"Metz-Klein";"Kristi_Metz-Klein99@gmail.com";"+1 (964) 161-8733";138292.17
599;"Milton";"Schulist";"Milton.Schulist70@gmail.com";"+1 (936) 423-3090";167409.21
600;"Sadie";"Russel";"Sadie87@gmail.com";"+1 (493) 881-2856";199214.76
601;"Stanley";"Weissnat";"Stanley.Weissnat@yahoo.com";"+1 (959) 452-3202";115466.32
602;"Saul";"Jones";"Saul.Jones@gmail.com";"+1 (432) 409-7229";64124.15
603;"Wendell";"Gutmann";"Wendell.Gutmann@hotmail.com";"+1 (427) 824-3612";60673.25
604;"Wm";"Kuvalis";"Wm_Kuvalis@yahoo.com";"+1 (663) 203-8526";170484.70
605;"Wallace";"Torp";"Wallace_Torp73@yahoo.com";"+1 (327) 047-5813";110671.67
606;"Arturo";"Conn";"Arturo18@yahoo.com";"+1 (228) 430-9686";136826.80
607;"Melanie";"Bernier";"Melanie_Bernier38@gmail.com";"+1 (241) 326-4004";154295.23
608;"Margaret";"Stoltenberg";"Margaret.Stoltenberg@hotmail.com";"+1 (381) 777-1544";97213.56
609;"Donald";"Terry";"Donald_Terry52@hotmail.com";"+1 (514) 359-4133";174021.12
610;"Grady";"Cole";"Grady.Cole@gmail.com";"+1 (790) 568-9714";131801.23
611;"Rafael";"Daugherty";"Rafael34@yahoo.com";"+1 (542) 867-9497";164902.39
612;"Pablo";"Friesen";"Pablo.Friesen@yahoo.com";"+1 (345) 396-6351";93670.47
613;"Dora";"Stehr";"Dora63@hotmail.com";"+1 (686) 067-0228";153833.42
614;"Judy";"Oberbrunner";"Judy86@yahoo.com";"+1 (034) 461-3937";136533.99
615;"Mack";"Langworth";"Mack.Langworth@gmail.com";"+1 (845) 012-2763";61584.83
616;"Claire";"Blick";"Claire.Blick@hotmail.com";"+1 (009) 852-1698";59231.92
617;"Elena";"Harber-Zboncak";"Elena16@yahoo.com";"+1 (465) 372-7222";132976.28
618;"Agnes";"Spinka";"Agnes_Spinka@yahoo.com";"+1 (244) 534-5898";133826.07
619;"Brad";"Graham";"Brad_Graham@gmail.com";"+1 (394) 282-6084";109632.72
620;"Sue";"Ryan";"Sue55@gmail.com";"+1 (327) 420-2382";142851.27
621;"Miriam";"Senger";"Miriam88@hotmail.com";"+1 (202) 961-5775";127135.73
622;"Carroll";"Baumbach";"Carroll_Baumbach22@gmail.com";"+1 (291) 618-0416";52365.41
623;"Steve";"Mertz";"Steve78@hotmail.com";"+1 (998) 601-5243";184489.10
624;"Tamara";"Bode-Windler";"Tamara48@hotmail.com";"+1 (378) 784-8764";157178.53
625;"Debra";"Farrell";"Debra_Farrell@gmail.com";"+1 (954) 193-7788";105074.45
626;"Preston";"Skiles";"Preston37@hotmail.com";"+1 (533) 114-7192";93083.88
627;"Hazel";"Huel";"Hazel_Huel@hotmail.com";"+1 (002) 177-5819";133038.94
628;"Cedric";"Auer";"Cedric_Auer@gmail.com";"+1 (102) 668-5772";191630.35
629;"Sean";"Rodriguez";"Sean.Rodriguez48@yahoo.com";"+1 (625) 058-7328";120022.65
630;"Douglas";"Hayes";"Douglas18@hotmail.com";"+1 (461) 850-3553";130302.36
631;"Chad";"Windler";"Chad20@yahoo.com";"+1 (373) 097-6350";182778.31
632;"Myron";"Rowe";"Myron_Rowe@hotmail.com";"+1 (443) 473-5123";97110.05
633;"Curtis";"Connelly";"Curtis_Connelly45@gmail.com";"+1 (909) 767-6555";155189.95
634;"Celia";"Schmitt";"Celia_Schmitt12@hotmail.com";"+1 (628) 968-1371";181153.26
635;"Alfred";"Sipes";"Alfred_Sipes24@hotmail.com";"+1 (012) 119-9621";118342.49
636;"Celia";"Rogahn";"Celia_Rogahn@yahoo.com";"+1 (067) 438-8149";187350.87
637;"Casey";"White";"Casey52@gmail.com";"+1 (447) 395-5439";147200.28
638;"Molly";"Reinger";"Molly.Reinger41@gmail.com";"+1 (286) 807-7729";122939.90
639;"Mindy";"Yost";"Mindy.Yost93@gmail.com";"+1 (799) 267-6952";77002.34
640;"Victoria";"Wolff";"Victoria27@yahoo.com";"+1 (057) 820-1300";198586.33
641;"Joey";"Huels";"Joey_Huels@hotmail.com";"+1 (702) 243-1327";102865.35
642;"Wendy";"Herman";"Wendy_Herman37@yahoo.com";"+1 (401) 989-9668";179715.40
643;"Jane";"Kirlin";"Jane_Kirlin@gmail.com";"+1 (886) 877-5290";156205.65
644;"Nadine";"Oberbrunner";"Nadine.Oberbrunner82@hotmail.com";"+1 (052) 916-2257";127216.14
645;"Delores";"Armstrong";"Delores3@gmail.com";"+1 (593) 612-0290";128080.14
646;"Roland";"Lind";"Roland45@gmail.com";"+1 (343) 337-7321";75094.61
647;"Thomas";"Will";"Thomas44@hotmail.com";"+1 (032) 897-7196";86501.63
648;"Tracy";"Jenkins";"Tracy.Jenkins48@hotmail.com";"+1 (664) 724-9035";84176.92
649;"Jo";"Aufderhar";"Jo.Aufderhar22@hotmail.com";"+1 (470) 208-6168";69721.53
650;"Marianne";"Howell";"Marianne.Howell15@hotmail.com";"+1 (980) 615-6156";130168.02
651;"Louise";"MacGyver";"Louise_MacGyver@gmail.com";"+1 (774) 055-2571";76398.82
652;"Gail";"Gislason";"Gail38@gmail.com";"+1 (435) 480-1897";156681.75
653;"Bennie";"Trantow";"Bennie_Trantow5@yahoo.com";"+1 (266) 574-0757";167436.30
654;"Paul";"Sporer";"Paul23@hotmail.com";"+1 (504) 875-2062";115137.48
655;"Terrence";"Becker";"Terrence.Becker@yahoo.com";"+1 (232) 822-5647";125560.11
656;"Randall";"Renner";"Randall14@yahoo.com";"+1 (671) 810-9575";92294.76
657;"Myra";"Koss";"Myra_Koss88@yahoo.com";"+1 (686) 040-9126";92281.77
658;"Terry";"Hane";"Terry74@yahoo.com";"+1 (356) 401-0185";180489.69
659;"Woodrow";"Bogan";"Woodrow.Bogan49@hotmail.com";"+1 (640) 643-1858";84315.58
660;"Tony";"Senger";"Tony79@hotmail.com";"+1 (786) 640-1906";151244.05
661;"Darren";"Kub";"Darren31@yahoo.com";"+1 (089) 915-8075";188400.75
662;"Jamie";"Smith";"Jamie_Smith82@hotmail.com";"+1 (802) 360-5128";124150.01
663;"Hazel";"Dare";"Hazel65@hotmail.com";"+1 (923) 237-7948";129242.50
664;"Chris";"Halvorson";"Chris_Halvorson@hotmail.com";"+1 (199) 870-7802";89830.61
665;"Jerry";"Abshire";"Jerry_Abshire41@gmail.com";"+1 (743) 400-6327";63985.12
666;"Donnie";"White";"Donnie_White96@yahoo.com";"+1 (611) 687-4817";118045.11
667;"Caroline";"Sawayn";"Caroline.Sawayn56@gmail.com";"+1 (335) 084-6536";104128.72
668;"Brenda";"Hilpert";"Brenda_Hilpert@yahoo.com";"+1 (915) 522-8445";188174.91
669;"Darryl";"Mills";"Darryl_Mills@hotmail.com";"+1 (513) 217-2123";58458.61
670;"Ida";"Wolf";"Ida_Wolf@gmail.com";"+1 (980) 138-2622";193138.16
671;"Lois";"Kertzmann";"Lois_Kertzmann70@gmail.com";"+1 (132) 479-2222";106833.28
672;"Alexandra";"Champlin";"Alexandra15@hotmail.com";"+1 (134) 641-2646";82840.28
673;"Tracy";"Howe-McLaughlin";"Tracy.Howe-McLaughlin@hotmail.com";"+1 (310) 949-2592";108220.87
674;"Debbie";"Spencer";"Debbie_Spencer93@gmail.com";"+1 (169) 109-3876";108932.60
675;"Bessie";"Emard";"Bessie.Emard16@gmail.com";"+1 (301) 014-4507";62747.07
676;"Nelson";"Howell";"Nelson60@yahoo.com";"+1 (136) 705-2020";100199.26
677;"Clint";"Yundt";"Clint_Yundt66@gmail.com";"+1 (336) 034-3732";138746.33
678;"Jonathon";"Jenkins";"Jonathon84@gmail.com";"+1 (781) 636-9261";161702.06
679;"Eleanor";"Ziemann";"Eleanor21@gmail.com";"+1 (461) 986-6206";78673.56
680;"Leticia";"Sipes";"Leticia93@hotmail.com";"+1 (156) 675-1120";58020.31
681;"Becky";"Kohler";"Becky_Kohler@hotmail.com";"+1 (570) 769-5571";174550.25
682;"Pat";"Fritsch-Konopelski";"Pat34@yahoo.com";"+1 (282) 291-2305";81364.17
683;"Joann";"Hilll";"Joann_Hilll@gmail.com";"+1 (556) 773-3354";114130.00
684;"Larry";"Marvin";"Larry_Marvin@hotmail.com";"+1 (382) 695-0782";86059.81
685;"Jon";"Stark";"Jon58@hotmail.com";"+1 (826) 820-3676";199975.88
686;"Frank";"Raynor";"Frank26@hotmail.com";"+1 (272) 675-2121";163557.75
687;"Alfred";"Dare";"Alfred_Dare8@yahoo.com";"+1 (479) 203-4961";182125.96
688;"Lydia";"Jerde";"Lydia_Jerde@hotmail.com";"+1 (561) 115-7931";156226.40
689;"Mercedes";"Mueller";"Mercedes_Mueller@hotmail.com";"+1 (119) 119-3064";159830.76
690;"Wm";"Labadie";"Wm.Labadie@hotmail.com";"+1 (488) 643-6147";56458.46
691;"Bradley";"Turcotte";"Bradley83@yahoo.com";"+1 (050) 108-0975";100864.01
692;"Olga";"Turner";"Olga.Turner98@gmail.com";"+1 (518) 522-5346";195001.07
693;"Monica";"Tremblay";"Monica.Tremblay@yahoo.com";"+1 (390) 649-4659";98738.66
694;"Anne";"Labadie";"Anne_Labadie1@gmail.com";"+1 (416) 634-0661";88438.98
695;"Stewart";"Schinner";"Stewart.Schinner29@yahoo.com";"+1 (715) 059-2554";132980.26
696;"Kurt";"Hills";"Kurt.Hills48@hotmail.com";"+1 (781) 563-3700";122481.36
697;"Jennie";"Mante";"Jennie15@yahoo.com";"+1 (056) 021-7652";83599.18
698;"Craig";"Abshire";"Craig.Abshire@gmail.com";"+1 (470) 826-4436";78874.89
699;"Arthur";"Tromp";"Arthur_Tromp29@yahoo.com";"+1 (085) 117-7723";174477.43
700;"Juanita";"Dare";"Juanita_Dare@yahoo.com";"+1 (495) 111-0043";109376.69
701;"Micheal";"Abbott";"Micheal_Abbott98@gmail.com";"+1 (052) 035-0839";146677.32
702;"Sue";"Schowalter";"Sue.Schowalter@gmail.com";"+1 (291) 822-1034";92377.25
703;"Ida";"Schmeler";"Ida_Schmeler4@yahoo.com";"+1 (060) 652-9043";187248.07
704;"Terrance";"Pagac";"Terrance.Pagac21@hotmail.com";"+1 (922) 531-1428";104662.95
705;"Bill";"Beahan";"Bill48@hotmail.com";"+1 (467) 583-0928";156309.30
706;"Conrad";"Lesch";"Conrad_Lesch55@gmail.com";"+1 (142) 872-8811";101165.72
707;"Gregory";"Moore";"Gregory_Moore@hotmail.com";"+1 (175) 607-1753";132968.50
708;"Joey";"MacGyver";"Joey.MacGyver@yahoo.com";"+1 (179) 739-8570";141451.53
709;"Roy";"Schuppe";"Roy.Schuppe@gmail.com";"+1 (707) 637-4281";69504.76
710;"Gwendolyn";"Dooley";"Gwendolyn69@hotmail.com";"+1 (674) 613-0187";50102.39
711;"Jamie";"Romaguera";"Jamie_Romaguera@hotmail.com";"+1 (907) 373-2186";55417.98
712;"Benjamin";"Hegmann";"Benjamin_Hegmann@gmail.com";"+1 (569) 865-7811";148129.49
713;"Alfredo";"Erdman";"Alfredo_Erdman@gmail.com";"+1 (246) 482-3690";82925.38
714;"Armando";"Schmeler";"Armando16@gmail.com";"+1 (448) 631-4151";185353.02
715;"Ana";"Wilderman";"Ana_Wilderman@yahoo.com";"+1 (589) 413-6483";53786.16
716;"Jennie";"Kilback";"Jennie92@gmail.com";"+1 (786) 639-9715";75975.46
717;"Amy";"Sauer";"Amy.Sauer@yahoo.com";"+1 (196) 759-9016";106096.19
718;"Armando";"Gorczany";"Armando.Gorczany34@hotmail.com";"+1 (956) 663-0882";129791.20
719;"Tammy";"Reichel";"Tammy_Reichel@hotmail.com";"+1 (120) 101-3567";173029.21
720;"Jesse";"Hammes";"Jesse_Hammes23@yahoo.com";"+1 (353) 095-4782";185263.89
721;"Gail";"Boyle";"Gail81@yahoo.com";"+1 (676) 982-7112";84067.63
722;"Shane";"Ratke";"Shane25@yahoo.com";"+1 (070) 509-3102";100891.60
723;"Conrad";"Herman";"Conrad_Herman90@hotmail.com";"+1 (857) 625-1071";148644.05
724;"Melvin";"Crist";"Melvin_Crist@yahoo.com";"+1 (421) 541-6343";86976.84
725;"Alfonso";"Ullrich";"Alfonso47@gmail.com";"+1 (225) 215-3897";123873.71
726;"Ellen";"Dibbert";"Ellen_Dibbert82@hotmail.com";"+1 (528) 765-0300";77004.09
727;"Cecilia";"Satterfield";"Cecilia.Satterfield@gmail.com";"+1 (903) 678-4813";196020.11
728;"Travis";"McCullough";"Travis.McCullough@yahoo.com";"+1 (821) 247-6518";65470.07
729;"Lynn";"Corwin";"Lynn66@gmail.com";"+1 (034) 933-3429";199502.70
730;"Arlene";"Nienow";"Arlene.Nienow59@yahoo.com";"+1 (686) 281-5725";136855.56
731;"Cory";"Heidenreich";"Cory_Heidenreich85@hotmail.com";"+1 (614) 244-0495";70835.69
732;"Tommy";"Cronin";"Tommy.Cronin29@yahoo.com";"+1 (254) 455-2217";87711.61
733;"Shari";"Schiller";"Shari_Schiller@gmail.com";"+1 (450) 655-7311";156745.42
734;"Lynn";"Hand";"Lynn72@hotmail.com";"+1 (892) 795-6259";199250.73
735;"Ginger";"Jacobi";"Ginger_Jacobi@hotmail.com";"+1 (779) 594-7751";112884.07
736;"Courtney";"Von";"Courtney39@gmail.com";"+1 (628) 039-4590";98610.09
737;"Audrey";"Yost";"Audrey_Yost@yahoo.com";"+1 (217) 194-7567";71878.12
738;"Sheila";"Kreiger";"Sheila.Kreiger@hotmail.com";"+1 (716) 986-0712";62757.34
739;"Kathleen";"Schumm";"Kathleen_Schumm98@hotmail.com";"+1 (206) 857-4998";59983.32
740;"Lowell";"Effertz";"Lowell_Effertz@yahoo.com";"+1 (617) 419-5681";192546.88
741;"Joe";"Smitham";"Joe_Smitham@yahoo.com";"+1 (236) 936-9665";115577.65
742;"Lucy";"Bashirian";"Lucy.Bashirian74@gmail.com";"+1 (189) 036-7480";132372.81
743;"Lee";"Mueller";"Lee16@gmail.com";"+1 (531) 783-8929";63301.14
744;"Johnnie";"Grant";"Johnnie.Grant6@hotmail.com";"+1 (486) 089-0871";74841.86
745;"Thomas";"Herman";"Thomas_Herman63@hotmail.com";"+1 (255) 089-6751";193524.02
746;"Ian";"Gorczany";"Ian.Gorczany1@gmail.com";"+1 (141) 557-1976";178142.89
747;"Elizabeth";"Gibson";"Elizabeth.Gibson@gmail.com";"+1 (301) 395-4437";52317.26
748;"Irvin";"Reinger";"Irvin.Reinger66@gmail.com";"+1 (747) 409-1245";197670.52
749;"Pablo";"Pagac";"Pablo14@hotmail.com";"+1 (505) 453-2796";79964.80
750;"Vivian";"Paucek-Hermann";"Vivian_Paucek-Hermann@hotmail.com";"+1 (152) 800-1214";192368.25
751;"Eunice";"Hansen";"Eunice_Hansen@yahoo.com";"+1 (785) 796-2549";92129.75
752;"Belinda";"Walker";"Belinda.Walker60@hotmail.com";"+1 (415) 852-5372";63079.47
753;"Roger";"Kilback";"Roger_Kilback@yahoo.com";"+1 (227) 286-3610";156046.45
754;"Joanna";"Brekke";"Joanna.Brekke@hotmail.com";"+1 (097) 568-6255";148312.54
755;"Shelly";"Ferry";"Shelly_Ferry@yahoo.com";"+1 (577) 385-2515";153445.78
756;"Tommie";"Wyman";"Tommie.Wyman48@gmail.com";"+1 (164) 193-7082";95352.03
757;"Lucas";"Waters";"Lucas.Waters77@gmail.com";"+1 (415) 280-9054";84154.12
758;"Angelina";"Kshlerin";"Angelina72@gmail.com";"+1 (102) 692-5270";177366.65
759;"Nellie";"Schulist";"Nellie_Schulist63@yahoo.com";"+1 (158) 314-1080";102817.79
760;"Cassandra";"Leuschke";"Cassandra_Leuschke58@yahoo.com";"+1 (862) 353-4667";156350.40
761;"Jeremiah";"Yost";"Jeremiah93@yahoo.com";"+1 (007) 846-5866";131782.82
762;"Amelia";"Rosenbaum";"Amelia69@hotmail.com";"+1 (778) 292-3850";171263.23
763;"Charlotte";"Rath";"Charlotte48@yahoo.com";"+1 (160) 926-4768";138274.98
764;"Spencer";"Dietrich";"Spencer97@yahoo.com";"+1 (014) 961-9741";144426.01
765;"Brent";"Rolfson";"Brent.Rolfson11@yahoo.com";"+1 (905) 131-6581";187908.50
766;"Ron";"Murphy";"Ron.Murphy13@gmail.com";"+1 (658) 572-9980";64866.44
767;"Michele";"Ferry";"Michele29@hotmail.com";"+1 (336) 106-2842";81167.26
768;"Nathaniel";"Hayes";"Nathaniel43@gmail.com";"+1 (848) 624-1969";58910.42
769;"Henry";"Harvey";"Henry_Harvey@yahoo.com";"+1 (056) 895-4227";113308.43
770;"Charlotte";"Thompson";"Charlotte_Thompson32@hotmail.com";"+1 (173) 921-7642";145372.26
771;"Cary";"Smith";"Cary.Smith1@gmail.com";"+1 (899) 050-2021";149962.39
772;"Peggy";"Schroeder";"Peggy.Schroeder@hotmail.com";"+1 (146) 752-6577";88367.07
773;"Loretta";"Erdman";"Loretta.Erdman37@gmail.com";"+1 (236) 940-7895";56364.72
774;"Archie";"Runolfsson";"Archie_Runolfsson@gmail.com";"+1 (598) 320-1558";127567.40
775;"Guadalupe";"Parisian";"Guadalupe_Parisian93@hotmail.com";"+1 (154) 159-4949";68307.75
776;"Becky";"Brown";"Becky20@gmail.com";"+1 (209) 626-4281";185835.14
777;"June";"Gibson";"June_Gibson@yahoo.com";"+1 (146) 578-8641";60216.39
778;"Samantha";"Jacobson";"Samantha.Jacobson@gmail.com";"+1 (668) 562-6109";111574.17
779;"Grady";"Herman-Bosco";"Grady.Herman-Bosco@yahoo.com";"+1 (734) 091-9458";161014.55
780;"Willis";"Gislason";"Willis_Gislason@gmail.com";"+1 (813) 788-7022";85056.00
781;"Todd";"Larson";"Todd59@yahoo.com";"+1 (687) 957-2641";168813.89
782;"Hugo";"Macejkovic";"Hugo_Macejkovic@gmail.com";"+1 (762) 224-2080";118319.06
783;"Mercedes";"Koss";"Mercedes.Koss@hotmail.com";"+1 (154) 874-3015";198543.07
784;"Connie";"Streich";"Connie_Streich@hotmail.com";"+1 (904) 037-6981";114225.58
785;"Dexter";"Schmidt";"Dexter_Schmidt47@hotmail.com";"+1 (263) 432-8579";87119.80
786;"Byron";"Grady";"Byron_Grady@yahoo.com";"+1 (247) 896-8749";116507.45
787;"Carl";"Huels";"Carl84@hotmail.com";"+1 (612) 080-2518";91729.76
788;"Rita";"Morissette";"Rita97@gmail.com";"+1 (716) 645-4255";137939.36
789;"Casey";"Brekke";"Casey.Brekke97@gmail.com";"+1 (086) 568-5878";76622.56
790;"Margaret";"Stoltenberg";"Margaret.Stoltenberg@gmail.com";"+1 (787) 476-9765";75139.17
791;"Joanne";"Metz";"Joanne12@yahoo.com";"+1 (662) 707-0948";179648.84
792;"Javier";"Stokes";"Javier_Stokes75@hotmail.com";"+1 (402) 591-8705";93740.08
793;"Miranda";"Murphy";"Miranda61@gmail.com";"+1 (147) 661-0327";102095.78
794;"Claire";"Schmeler-Hessel";"Claire_Schmeler-Hessel@hotmail.com";"+1 (629) 104-5957";172472.71
795;"David";"Bergnaum";"David_Bergnaum@yahoo.com";"+1 (080) 498-3397";134475.54
796;"Evelyn";"Christiansen";"Evelyn73@gmail.com";"+1 (101) 493-7598";55730.87
797;"Ethel";"Kerluke";"Ethel.Kerluke@gmail.com";"+1 (058) 151-6822";163245.38
798;"Jaime";"Welch";"Jaime_Welch@gmail.com";"+1 (095) 386-3865";168541.68
799;"Marion";"Hintz";"Marion_Hintz@hotmail.com";"+1 (392) 273-2535";141225.51
800;"Robyn";"Murazik-Abernathy";"Robyn78@gmail.com";"+1 (895) 054-9185";120746.50
801;"Victoria";"Hansen";"Victoria46@yahoo.com";"+1 (813) 678-5333";97011.48
802;"Eleanor";"Nitzsche";"Eleanor63@hotmail.com";"+1 (954) 617-9493";73365.43
803;"Vicki";"Feest";"Vicki_Feest20@hotmail.com";"+1 (771) 225-9073";119328.06
804;"Miguel";"Frami";"Miguel_Frami21@yahoo.com";"+1 (851) 848-2947";80230.84
805;"Bernice";"Baumbach";"Bernice.Baumbach87@yahoo.com";"+1 (702) 355-6934";168256.49
806;"Caroline";"Reinger-Haag";"Caroline.Reinger-Haag28@hotmail.com";"+1 (051) 315-5699";87081.84
807;"Beth";"Borer";"Beth40@hotmail.com";"+1 (702) 727-9905";137138.01
808;"Mattie";"Boyer";"Mattie_Boyer73@gmail.com";"+1 (422) 223-6014";51619.89
809;"Grace";"Balistreri";"Grace.Balistreri86@yahoo.com";"+1 (623) 574-1940";134786.87
810;"Manuel";"Runolfsson";"Manuel_Runolfsson98@yahoo.com";"+1 (116) 786-9501";112116.19
811;"Pam";"Littel";"Pam_Littel49@gmail.com";"+1 (656) 698-4997";164743.92
812;"Travis";"Metz";"Travis.Metz@hotmail.com";"+1 (408) 661-1098";60491.59
813;"Earl";"Pouros";"Earl_Pouros1@gmail.com";"+1 (491) 624-2314";128656.31
814;"Christie";"Brown";"Christie_Brown12@gmail.com";"+1 (277) 234-7188";173407.85
815;"Tami";"Gulgowski";"Tami43@hotmail.com";"+1 (567) 181-4030";129115.31
816;"Josh";"Kohler";"Josh.Kohler@gmail.com";"+1 (602) 909-4380";86655.95
817;"Samuel";"Doyle";"Samuel4@gmail.com";"+1 (191) 604-9487";57952.57
818;"Rosalie";"O'Reilly";"Rosalie_OReilly65@gmail.com";"+1 (587) 618-9087";172298.88
819;"Kristi";"Goyette";"Kristi_Goyette26@yahoo.com";"+1 (475) 731-6691";175957.19
820;"Desiree";"Lebsack";"Desiree11@hotmail.com";"+1 (085) 339-5478";79047.66
821;"Traci";"Schiller";"Traci.Schiller94@yahoo.com";"+1 (809) 643-3579";194997.69
822;"Courtney";"Littel";"Courtney19@hotmail.com";"+1 (330) 850-1852";102900.09
823;"Derek";"Feil";"Derek_Feil@yahoo.com";"+1 (280) 356-7797";77796.03
824;"Erick";"McGlynn";"Erick_McGlynn67@gmail.com";"+1 (378) 193-0941";92198.45
825;"Eileen";"Emmerich";"Eileen_Emmerich@gmail.com";"+1 (845) 003-1025";79978.84
826;"Velma";"Bruen";"Velma80@yahoo.com";"+1 (108) 476-5624";81916.77
827;"Todd";"Kilback";"Todd_Kilback73@gmail.com";"+1 (249) 434-2628";126998.62
828;"Sonia";"Franey";"Sonia.Franey@gmail.com";"+1 (265) 299-5492";60165.96
829;"Johanna";"Fritsch";"Johanna.Fritsch@gmail.com";"+1 (607) 496-0340";110943.50
830;"Bernice";"Swaniawski";"Bernice_Swaniawski@yahoo.com";"+1 (396) 021-7087";59061.51
831;"Randal";"Kautzer";"Randal_Kautzer@hotmail.com";"+1 (728) 198-2017";53549.39
832;"Marie";"Prohaska";"Marie82@yahoo.com";"+1 (228) 273-6551";160635.80
833;"Lauren";"Lakin";"Lauren_Lakin@yahoo.com";"+1 (130) 916-0250";109233.41
834;"Russell";"Okuneva";"Russell_Okuneva21@yahoo.com";"+1 (630) 451-8176";120376.84
835;"Rochelle";"Beer";"Rochelle5@hotmail.com";"+1 (832) 156-3565";187962.55
836;"Herbert";"Reilly-Schulist";"Herbert.Reilly-Schulist@hotmail.com";"+1 (467) 164-6239";141320.17
837;"Leigh";"Simonis";"Leigh_Simonis19@gmail.com";"+1 (429) 418-0431";140341.81
838;"Kristopher";"Farrell";"Kristopher.Farrell@yahoo.com";"+1 (752) 857-6149";118539.92
839;"Derek";"Stehr";"Derek86@hotmail.com";"+1 (863) 347-8037";51066.15
840;"Marilyn";"Corwin-Glover";"Marilyn10@yahoo.com";"+1 (913) 558-0353";166692.96
841;"Krystal";"Bednar";"Krystal90@yahoo.com";"+1 (466) 527-6600";129615.59
842;"Willis";"Nitzsche";"Willis83@yahoo.com";"+1 (004) 259-0670";135137.93
843;"George";"Swift";"George_Swift30@hotmail.com";"+1 (254) 197-6704";90825.51
844;"Edna";"Effertz";"Edna62@yahoo.com";"+1 (486) 278-1917";56009.21
845;"Enrique";"O'Conner";"Enrique_OConner@yahoo.com";"+1 (352) 396-7787";76493.63
846;"Alvin";"Schuppe";"Alvin53@gmail.com";"+1 (271) 794-2351";87916.54
847;"Alberta";"Rosenbaum";"Alberta_Rosenbaum20@yahoo.com";"+1 (739) 065-4765";54502.77
848;"Jennifer";"Schroeder";"Jennifer.Schroeder47@hotmail.com";"+1 (192) 473-5176";134289.49
849;"Freda";"Bernier";"Freda.Bernier64@yahoo.com";"+1 (183) 800-8178";153028.15
850;"Kay";"Hansen";"Kay_Hansen@yahoo.com";"+1 (010) 837-0012";181519.71
851;"Shaun";"Welch";"Shaun.Welch@yahoo.com";"+1 (150) 913-4087";113212.80
852;"Jared";"Crist";"Jared.Crist85@yahoo.com";"+1 (607) 759-8105";64104.93
853;"Sherry";"Collier";"Sherry_Collier0@yahoo.com";"+1 (963) 423-4227";193657.18
854;"Charlene";"Paucek-Bechtelar";"Charlene.Paucek-Bechtelar37@yahoo.com";"+1 (960) 590-9239";168796.37
855;"Jacob";"Miller";"Jacob_Miller86@gmail.com";"+1 (813) 404-4617";108673.97
856;"Vickie";"Lehner";"Vickie94@hotmail.com";"+1 (680) 186-1291";160022.21
857;"Freda";"VonRueden";"Freda_VonRueden@yahoo.com";"+1 (487) 774-4003";107934.17
858;"Anne";"Nienow";"Anne42@yahoo.com";"+1 (701) 141-1931";113035.16
859;"Myrtle";"Braun";"Myrtle_Braun@gmail.com";"+1 (693) 574-5842";62641.04
860;"May";"Kulas";"May_Kulas32@hotmail.com";"+1 (352) 075-2800";160531.21
861;"Kristine";"Russel";"Kristine.Russel@gmail.com";"+1 (955) 452-0174";122891.10
862;"Hope";"Lockman";"Hope_Lockman@hotmail.com";"+1 (395) 720-3119";105617.82
863;"Mercedes";"Miller";"Mercedes.Miller73@hotmail.com";"+1 (125) 419-3675";141032.03
864;"Jose";"Harris";"Jose.Harris9@hotmail.com";"+1 (140) 083-8725";80748.71
865;"Yvette";"Wiegand";"Yvette.Wiegand79@hotmail.com";"+1 (765) 526-1156";70622.47
866;"Beulah";"Predovic";"Beulah8@gmail.com";"+1 (582) 197-4729";113979.65
867;"Rhonda";"Wiza";"Rhonda71@yahoo.com";"+1 (463) 706-4399";147499.29
868;"Curtis";"Gibson";"Curtis.Gibson@gmail.com";"+1 (774) 812-6674";164489.62
869;"Christy";"Mann";"Christy.Mann@gmail.com";"+1 (710) 682-5306";100940.83
870;"Cassandra";"Stark";"Cassandra65@hotmail.com";"+1 (319) 985-1311";50618.36
871;"Carla";"Volkman";"Carla_Volkman@yahoo.com";"+1 (794) 407-2070";92713.84
872;"Edmond";"Stokes";"Edmond_Stokes@yahoo.com";"+1 (766) 190-1685";96578.96
873;"Morris";"Baumbach";"Morris69@gmail.com";"+1 (749) 292-4343";116661.60
874;"Antonia";"Auer";"Antonia83@yahoo.com";"+1 (660) 828-3405";92335.65
875;"Austin";"Beatty";"Austin18@gmail.com";"+1 (270) 809-8491";85315.03
876;"Moses";"Emard";"Moses87@hotmail.com";"+1 (465) 985-9069";104054.82
877;"Phil";"White";"Phil_White99@yahoo.com";"+1 (914) 845-2933";128006.90
878;"Orlando";"Gutmann";"Orlando_Gutmann34@gmail.com";"+1 (450) 995-7288";98890.95
879;"Estelle";"Kuhn";"Estelle.Kuhn57@gmail.com";"+1 (931) 208-1491";154466.55
880;"Jorge";"Hessel";"Jorge.Hessel83@hotmail.com";"+1 (063) 223-1556";179622.18
881;"Yolanda";"Lemke";"Yolanda79@hotmail.com";"+1 (506) 175-1268";177115.08
882;"Patricia";"Runolfsdottir";"Patricia_Runolfsdottir94@gmail.com";"+1 (493) 746-1262";171762.87
883;"Preston";"Bauch";"Preston91@gmail.com";"+1 (863) 240-0874";97438.88
884;"Phil";"Maggio";"Phil_Maggio91@hotmail.com";"+1 (189) 239-6672";60501.51
885;"Nora";"Willms";"Nora89@gmail.com";"+1 (287) 971-5976";80212.28
886;"Duane";"McClure";"Duane_McClure@hotmail.com";"+1 (732) 401-0572";170626.43
887;"Kim";"Mraz";"Kim72@hotmail.com";"+1 (564) 065-2043";133547.27
888;"Josephine";"Lind";"Josephine_Lind71@gmail.com";"+1 (636) 953-5175";172363.45
889;"Mercedes";"Bayer";"Mercedes.Bayer18@yahoo.com";"+1 (921) 514-0310";174969.40
890;"Kyle";"Langworth";"Kyle92@hotmail.com";"+1 (830) 704-0148";104837.19
891;"Susan";"Glover";"Susan_Glover@yahoo.com";"+1 (893) 870-5538";119347.08
892;"Ronnie";"Wiza";"Ronnie.Wiza43@yahoo.com";"+1 (623) 165-3106";78222.82
893;"Cameron";"Nitzsche";"Cameron51@hotmail.com";"+1 (415) 781-0189";109550.21
894;"Phil";"Abbott";"Phil.Abbott@hotmail.com";"+1 (736) 064-0712";156009.74
895;"Cristina";"Schiller";"Cristina_Schiller@yahoo.com";"+1 (220) 691-7572";106371.99
896;"Roland";"Schumm";"Roland.Schumm@gmail.com";"+1 (475) 710-5541";158608.82
897;"Seth";"Legros";"Seth_Legros@hotmail.com";"+1 (835) 905-5298";128773.19
898;"Betty";"Hammes";"Betty_Hammes@gmail.com";"+1 (009) 084-9281";191365.53
899;"Julia";"Ullrich";"Julia_Ullrich75@yahoo.com";"+1 (364) 365-7505";52109.14
900;"Debra";"Nolan";"Debra_Nolan34@gmail.com";"+1 (116) 357-2394";148121.42
901;"Janis";"Wolff";"Janis.Wolff@gmail.com";"+1 (769) 366-5306";114511.86
902;"Pat";"Berge";"Pat82@yahoo.com";"+1 (467) 207-5779";143606.51
903;"Bernadette";"Klein";"Bernadette_Klein@yahoo.com";"+1 (205) 899-0117";184526.19
904;"Belinda";"Kemmer";"Belinda_Kemmer@gmail.com";"+1 (282) 906-1332";118516.76
905;"Constance";"Harber";"Constance.Harber@gmail.com";"+1 (181) 179-0635";100391.38
906;"Kirk";"Crooks";"Kirk13@yahoo.com";"+1 (968) 498-5634";134382.19
907;"Leslie";"Reichert";"Leslie.Reichert@yahoo.com";"+1 (595) 539-8598";195048.51
908;"Alexander";"Rosenbaum";"Alexander.Rosenbaum@gmail.com";"+1 (075) 390-6149";65936.54
909;"Eleanor";"Conn";"Eleanor_Conn51@yahoo.com";"+1 (457) 948-4098";138636.61
910;"Dana";"Ferry";"Dana50@yahoo.com";"+1 (452) 461-7080";154163.66
911;"Frances";"Schimmel";"Frances_Schimmel@gmail.com";"+1 (650) 726-4450";194806.59
912;"Irene";"Dare";"Irene30@yahoo.com";"+1 (776) 261-2678";155090.50
913;"Andrew";"Halvorson";"Andrew.Halvorson@gmail.com";"+1 (485) 594-5374";123379.99
914;"Mack";"Harvey";"Mack.Harvey@gmail.com";"+1 (804) 206-9208";125167.55
915;"Casey";"Gerlach";"Casey.Gerlach47@yahoo.com";"+1 (070) 582-4541";182591.73
916;"Ross";"Bernier";"Ross86@yahoo.com";"+1 (368) 459-2135";65929.80
917;"Phillip";"Hammes";"Phillip14@hotmail.com";"+1 (916) 391-0762";144834.83
918;"Lee";"MacGyver";"Lee.MacGyver@hotmail.com";"+1 (353) 712-2087";105603.04
919;"Earl";"Fahey";"Earl29@yahoo.com";"+1 (899) 713-8931";123709.99
920;"Ada";"Goodwin";"Ada_Goodwin@gmail.com";"+1 (384) 705-3499";58229.73
921;"Gerald";"Leannon";"Gerald_Leannon65@hotmail.com";"+1 (738) 792-1978";188344.45
922;"Iris";"Bergstrom";"Iris_Bergstrom@yahoo.com";"+1 (657) 884-6629";99619.37
923;"Renee";"Kihn";"Renee_Kihn23@yahoo.com";"+1 (093) 338-1992";133007.96
924;"Domingo";"Borer";"Domingo.Borer31@hotmail.com";"+1 (529) 313-6209";117191.53
925;"Malcolm";"Bahringer";"Malcolm_Bahringer@gmail.com";"+1 (760) 296-7356";133236.31
926;"Lucille";"Orn";"Lucille.Orn47@yahoo.com";"+1 (042) 896-3471";108951.26
927;"Kim";"Koss";"Kim.Koss1@gmail.com";"+1 (626) 278-9317";58704.32
928;"Monique";"Schuppe";"Monique.Schuppe@gmail.com";"+1 (069) 827-7625";75993.68
929;"Caleb";"Feeney";"Caleb.Feeney@yahoo.com";"+1 (441) 940-1899";148470.96
930;"Justin";"Pouros-Franey";"Justin73@yahoo.com";"+1 (692) 196-1136";73701.80
931;"Eloise";"Bailey";"Eloise_Bailey0@hotmail.com";"+1 (939) 898-3668";119718.86
932;"Guadalupe";"Leuschke";"Guadalupe.Leuschke@hotmail.com";"+1 (945) 488-7619";117416.58
933;"Israel";"Bauch";"Israel74@yahoo.com";"+1 (217) 161-9836";144260.09
934;"Lindsay";"Zulauf";"Lindsay_Zulauf82@gmail.com";"+1 (215) 591-2404";125592.19
935;"Derek";"Kautzer";"Derek41@hotmail.com";"+1 (184) 701-7742";77264.62
936;"Bradley";"Keeling";"Bradley.Keeling@hotmail.com";"+1 (265) 777-1789";69408.54
937;"Lela";"Wiza";"Lela_Wiza@yahoo.com";"+1 (221) 116-2628";109080.47
938;"Jackie";"Schinner";"Jackie5@gmail.com";"+1 (786) 563-3649";148961.39
939;"Valerie";"Grant";"Valerie84@gmail.com";"+1 (531) 053-9030";96197.88
940;"Jenna";"Collier";"Jenna.Collier@gmail.com";"+1 (104) 598-6082";71161.76
941;"Bertha";"Reilly";"Bertha74@gmail.com";"+1 (608) 217-3205";144481.68
942;"Leonard";"Cremin";"Leonard.Cremin40@hotmail.com";"+1 (953) 085-5553";154609.86
943;"Jody";"Daugherty";"Jody.Daugherty30@hotmail.com";"+1 (772) 112-2792";134233.40
944;"Katie";"Rosenbaum";"Katie.Rosenbaum41@hotmail.com";"+1 (948) 335-2564";140985.97
945;"Bonnie";"MacGyver";"Bonnie.MacGyver@gmail.com";"+1 (729) 533-0674";83423.09
946;"Rita";"Kessler";"Rita.Kessler@yahoo.com";"+1 (562) 514-4263";89084.93
947;"Maxine";"O'Keefe";"Maxine.OKeefe96@hotmail.com";"+1 (650) 309-4500";185391.51
948;"Joseph";"Watsica";"Joseph.Watsica@hotmail.com";"+1 (029) 429-6361";139733.07
949;"Kayla";"Rutherford";"Kayla_Rutherford46@hotmail.com";"+1 (964) 734-4517";107634.93
950;"Elmer";"Schaefer";"Elmer_Schaefer59@yahoo.com";"+1 (119) 579-7391";161722.59
951;"Tamara";"Abshire";"Tamara.Abshire77@hotmail.com";"+1 (030) 891-0743";175514.44
952;"Robin";"Donnelly";"Robin0@hotmail.com";"+1 (533) 187-4568";54952.71
953;"Kristi";"Durgan";"Kristi.Durgan@hotmail.com";"+1 (107) 946-4191";127974.57
954;"Robin";"Watsica";"Robin76@yahoo.com";"+1 (204) 149-3225";181763.88
955;"Terrence";"Murazik";"Terrence.Murazik@hotmail.com";"+1 (071) 803-8547";199710.85
956;"Justin";"Emard";"Justin11@hotmail.com";"+1 (257) 816-5340";131560.96
957;"Robin";"Lynch";"Robin_Lynch@gmail.com";"+1 (967) 707-9448";155769.21
958;"Felipe";"Aufderhar";"Felipe35@gmail.com";"+1 (442) 882-8794";143448.40
959;"Steve";"Reichel";"Steve_Reichel50@gmail.com";"+1 (692) 683-9620";61900.15
960;"Robin";"Feest";"Robin64@yahoo.com";"+1 (174) 718-8632";171332.04
961;"Sherry";"Shields";"Sherry.Shields9@gmail.com";"+1 (001) 412-1742";135204.52
962;"Regina";"Rogahn";"Regina.Rogahn81@yahoo.com";"+1 (170) 276-7780";195354.33
963;"Pat";"Carroll";"Pat_Carroll@yahoo.com";"+1 (250) 575-8364";130342.17
964;"Marion";"Champlin";"Marion_Champlin@hotmail.com";"+1 (423) 010-6983";107440.23
965;"Betty";"Mohr";"Betty_Mohr92@yahoo.com";"+1 (562) 003-2969";50948.22
966;"Terri";"Heathcote";"Terri_Heathcote@yahoo.com";"+1 (277) 969-7333";184039.51
967;"Derrick";"Prosacco";"Derrick61@yahoo.com";"+1 (592) 743-0790";154672.83
968;"Kate";"Fadel-Nader";"Kate_Fadel-Nader34@gmail.com";"+1 (797) 443-3709";178991.82
969;"Jim";"McLaughlin";"Jim_McLaughlin83@hotmail.com";"+1 (169) 962-0192";109075.72
970;"Carrie";"Moore";"Carrie83@yahoo.com";"+1 (616) 907-8323";157625.04
971;"Leroy";"Schmeler";"Leroy36@gmail.com";"+1 (739) 730-6685";147008.77
972;"Renee";"Volkman";"Renee_Volkman87@gmail.com";"+1 (373) 682-5604";198059.67
973;"Katherine";"Carter";"Katherine_Carter@hotmail.com";"+1 (375) 623-1723";157333.68
974;"Cecil";"Wunsch";"Cecil.Wunsch@gmail.com";"+1 (800) 319-0087";80176.75
975;"Kate";"Schneider";"Kate.Schneider@hotmail.com";"+1 (251) 246-9474";143615.23
976;"Casey";"Veum";"Casey.Veum63@hotmail.com";"+1 (439) 515-3138";148879.51
977;"Ora";"Kunde";"Ora69@hotmail.com";"+1 (948) 521-9285";140042.88
978;"Mary";"Rowe";"Mary68@gmail.com";"+1 (628) 700-0791";160762.21
979;"Sheri";"Hane";"Sheri_Hane54@yahoo.com";"+1 (274) 465-3483";109544.58
980;"Courtney";"Stiedemann";"Courtney.Stiedemann@yahoo.com";"+1 (200) 333-2848";84888.70
981;"Bobby";"Leffler";"Bobby.Leffler6@yahoo.com";"+1 (644) 979-4529";54326.38
982;"Marguerite";"Kutch";"Marguerite.Kutch45@gmail.com";"+1 (743) 543-1276";71047.23
983;"Colin";"Blanda";"Colin.Blanda@yahoo.com";"+1 (414) 111-1314";53861.18
984;"Conrad";"Strosin";"Conrad63@gmail.com";"+1 (390) 122-7020";191790.86
985;"Paula";"Lemke";"Paula49@hotmail.com";"+1 (852) 580-6048";124116.78
986;"Wendell";"Swift";"Wendell.Swift@hotmail.com";"+1 (110) 040-6009";51254.14
987;"Daisy";"Flatley";"Daisy_Flatley77@hotmail.com";"+1 (222) 855-6672";145616.51
988;"Anita";"Kunde";"Anita.Kunde93@yahoo.com";"+1 (638) 073-6294";92856.45
989;"Tanya";"Larson";"Tanya_Larson@gmail.com";"+1 (977) 673-6087";129703.13
990;"Amanda";"Homenick-Greenfelder";"Amanda.Homenick-Greenfelder@gmail.com";"+1 (651) 007-5697";126061.91
991;"Audrey";"Halvorson";"Audrey.Halvorson13@hotmail.com";"+1 (775) 727-9876";180606.38
992;"Dora";"Dickens";"Dora89@hotmail.com";"+1 (065) 735-4476";176656.19
993;"Lynn";"Erdman";"Lynn.Erdman@hotmail.com";"+1 (235) 000-8824";126263.10
994;"Caroline";"Greenholt";"Caroline13@gmail.com";"+1 (622) 689-7021";79810.30
995;"Eileen";"Mraz";"Eileen41@yahoo.com";"+1 (771) 526-7486";190182.49
996;"Emily";"Huels";"Emily.Huels@gmail.com";"+1 (038) 109-6474";171339.19
997;"Alice";"Smitham";"Alice15@yahoo.com";"+1 (874) 501-7515";169528.01
998;"Mathew";"Windler";"Mathew_Windler72@yahoo.com";"+1 (667) 373-7202";194376.67
999;"Jesus";"Windler";"Jesus_Windler44@yahoo.com";"+1 (119) 684-2201";100428.57
1000;"Ross";"Bartoletti";"Ross.Bartoletti@gmail.com";"+1 (638) 956-2651";106031.89